timestamp,open,high,low,close
2026-04-13 09:30:00,6806.47,6806.47,6800.00,6800.28
2026-04-13 09:31:00,6800.22,6800.22,6797.98,6799.40
2026-04-13 09:32:00,6799.92,6800.59,6796.14,6796.24
2026-04-13 09:33:00,6795.85,6797.97,6794.68,6797.45
2026-04-13 09:34:00,6797.87,6798.68,6797.39,6798.44
2026-04-13 09:35:00,6798.50,6798.50,6794.91,6795.33
2026-04-13 09:36:00,6795.22,6795.79,6791.48,6791.62
2026-04-13 09:37:00,6791.66,6793.56,6790.42,6793.23
2026-04-13 09:38:00,6793.47,6795.72,6793.34,6795.35
2026-04-13 09:39:00,6795.73,6797.32,6795.43,6796.06
2026-04-13 09:40:00,6795.84,6795.84,6794.21,6795.20
2026-04-13 09:41:00,6795.16,6795.93,6793.57,6795.24
2026-04-13 09:42:00,6795.32,6797.34,6794.10,6794.74
2026-04-13 09:43:00,6794.77,6796.06,6793.53,6795.52
2026-04-13 09:44:00,6795.74,6795.74,6792.35,6793.04
2026-04-13 09:45:00,6793.03,6793.81,6790.02,6790.28
2026-04-13 09:46:00,6790.43,6793.05,6790.19,6792.46
2026-04-13 09:47:00,6792.86,6793.23,6791.00,6792.20
2026-04-13 09:48:00,6792.16,6803.44,6791.26,6802.39
2026-04-13 09:49:00,6802.21,6811.70,6801.71,6811.42
2026-04-13 09:50:00,6811.32,6816.54,6811.09,6815.98
2026-04-13 09:51:00,6815.88,6815.88,6807.80,6807.82
2026-04-13 09:52:00,6807.81,6807.97,6804.65,6806.26
2026-04-13 09:53:00,6806.30,6807.23,6803.52,6807.09
2026-04-13 09:54:00,6807.15,6810.60,6806.46,6810.60
2026-04-13 09:55:00,6810.87,6811.33,6807.75,6809.64
2026-04-13 09:56:00,6809.55,6812.20,6809.38,6812.20
2026-04-13 09:57:00,6812.03,6813.39,6811.40,6813.39
2026-04-13 09:58:00,6813.32,6815.53,6812.63,6815.53
2026-04-13 09:59:00,6815.58,6820.13,6814.72,6820.09
2026-04-13 10:00:00,6820.77,6822.88,6819.58,6822.88
2026-04-13 10:01:00,6822.87,6823.15,6819.04,6819.04
2026-04-13 10:02:00,6818.66,6818.66,6815.09,6816.03
2026-04-13 10:03:00,6815.86,6815.86,6812.76,6814.08
2026-04-13 10:04:00,6814.16,6818.32,6814.16,6817.64
2026-04-13 10:05:00,6817.62,6818.80,6815.94,6817.45
2026-04-13 10:06:00,6817.63,6819.85,6817.44,6819.30
2026-04-13 10:07:00,6819.31,6821.10,6818.34,6819.57
2026-04-13 10:08:00,6819.43,6819.43,6816.89,6818.24
2026-04-13 10:09:00,6817.98,6818.02,6816.67,6817.90
2026-04-13 10:10:00,6817.76,6817.78,6815.35,6815.83
2026-04-13 10:11:00,6816.00,6816.65,6814.90,6815.01
2026-04-13 10:12:00,6815.04,6815.45,6813.64,6813.98
2026-04-13 10:13:00,6813.79,6814.38,6812.56,6813.50
2026-04-13 10:14:00,6813.26,6815.47,6812.77,6814.61
2026-04-13 10:15:00,6814.70,6814.73,6810.55,6810.73
2026-04-13 10:16:00,6810.69,6812.03,6810.51,6810.62
2026-04-13 10:17:00,6810.67,6811.86,6809.40,6809.40
2026-04-13 10:18:00,6809.42,6810.67,6809.34,6809.79
2026-04-13 10:19:00,6809.63,6813.18,6809.54,6813.14
2026-04-13 10:20:00,6813.23,6814.47,6812.77,6813.13
2026-04-13 10:21:00,6813.11,6816.78,6812.94,6816.73
2026-04-13 10:22:00,6816.80,6818.50,6816.73,6816.73
2026-04-13 10:23:00,6816.70,6817.52,6808.74,6813.53
2026-04-13 10:24:00,6813.71,6817.68,6813.60,6817.68
2026-04-13 10:25:00,6817.59,6818.38,6816.12,6817.18
2026-04-13 10:26:00,6817.58,6818.15,6816.86,6817.07
2026-04-13 10:27:00,6817.11,6817.84,6815.84,6816.84
2026-04-13 10:28:00,6816.87,6816.96,6816.16,6816.74
2026-04-13 10:29:00,6816.75,6819.25,6816.37,6818.87
2026-04-13 10:30:00,6819.03,6819.56,6818.51,6819.56
2026-04-13 10:31:00,6819.43,6821.91,6819.19,6821.91
2026-04-13 10:32:00,6822.07,6822.98,6819.36,6819.56
2026-04-13 10:33:00,6819.56,6820.74,6819.32,6820.44
2026-04-13 10:34:00,6820.35,6822.03,6820.14,6821.79
2026-04-13 10:35:00,6821.50,6821.50,6818.81,6819.07
2026-04-13 10:36:00,6819.15,6819.29,6817.61,6817.95
2026-04-13 10:37:00,6817.95,6817.95,6816.93,6817.86
2026-04-13 10:38:00,6817.73,6819.30,6817.51,6818.87
2026-04-13 10:39:00,6819.02,6819.02,6817.20,6818.84
2026-04-13 10:40:00,6818.78,6820.22,6818.57,6820.13
2026-04-13 10:41:00,6820.11,6820.34,6819.53,6819.92
2026-04-13 10:42:00,6819.94,6820.99,6819.77,6820.99
2026-04-13 10:43:00,6820.94,6822.06,6820.94,6821.18
2026-04-13 10:44:00,6821.20,6824.27,6821.20,6823.72
2026-04-13 10:45:00,6823.74,6824.61,6823.42,6824.61
2026-04-13 10:46:00,6824.54,6824.54,6822.73,6822.84
2026-04-13 10:47:00,6822.85,6823.28,6820.56,6820.56
2026-04-13 10:48:00,6820.59,6820.61,6819.32,6820.00
2026-04-13 10:49:00,6819.97,6820.83,6819.82,6820.09
2026-04-13 10:50:00,6820.11,6820.84,6819.22,6820.68
2026-04-13 10:51:00,6820.45,6821.77,6819.36,6821.26
2026-04-13 10:52:00,6821.30,6823.80,6821.29,6823.52
2026-04-13 10:53:00,6823.35,6824.57,6822.62,6824.49
2026-04-13 10:54:00,6824.45,6825.90,6824.16,6825.09
2026-04-13 10:55:00,6825.15,6825.15,6823.05,6824.12
2026-04-13 10:56:00,6824.29,6825.50,6824.05,6825.29
2026-04-13 10:57:00,6825.36,6827.82,6825.36,6827.74
2026-04-13 10:58:00,6827.83,6830.41,6827.70,6830.41
2026-04-13 10:59:00,6830.39,6830.39,6829.14,6829.30
2026-04-13 11:00:00,6829.22,6829.22,6821.76,6822.73
2026-04-13 11:01:00,6822.66,6825.96,6822.66,6825.45
2026-04-13 11:02:00,6825.32,6825.32,6823.54,6823.58
2026-04-13 11:03:00,6823.67,6823.80,6822.56,6823.17
2026-04-13 11:04:00,6822.91,6823.57,6821.51,6821.57
2026-04-13 11:05:00,6821.66,6823.09,6821.28,6821.55
2026-04-13 11:06:00,6821.68,6822.70,6821.11,6822.43
2026-04-13 11:07:00,6822.44,6824.27,6822.44,6823.67
2026-04-13 11:08:00,6823.56,6823.75,6820.81,6821.19
2026-04-13 11:09:00,6821.18,6823.95,6821.18,6823.36
2026-04-13 11:10:00,6823.33,6823.50,6822.26,6822.44
2026-04-13 11:11:00,6822.75,6826.77,6822.75,6826.77
2026-04-13 11:12:00,6826.64,6826.64,6825.39,6825.75
2026-04-13 11:13:00,6825.73,6825.77,6824.60,6825.02
2026-04-13 11:14:00,6824.96,6825.15,6823.84,6824.12
2026-04-13 11:15:00,6824.17,6825.80,6823.31,6823.31
2026-04-13 11:16:00,6823.16,6823.36,6822.66,6823.26
2026-04-13 11:17:00,6823.34,6823.34,6821.42,6822.04
2026-04-13 11:18:00,6822.12,6822.18,6821.00,6821.40
2026-04-13 11:19:00,6821.46,6822.20,6820.65,6820.73
2026-04-13 11:20:00,6820.88,6824.34,6820.88,6823.89
2026-04-13 11:21:00,6823.77,6824.58,6823.26,6823.26
2026-04-13 11:22:00,6823.19,6823.48,6821.74,6823.31
2026-04-13 11:23:00,6823.29,6823.29,6822.01,6822.71
2026-04-13 11:24:00,6822.67,6822.70,6820.14,6820.27
2026-04-13 11:25:00,6820.38,6820.71,6819.02,6820.71
2026-04-13 11:26:00,6820.77,6820.83,6818.93,6819.60
2026-04-13 11:27:00,6819.61,6819.88,6818.89,6819.79
2026-04-13 11:28:00,6820.30,6822.10,6820.30,6820.84
2026-04-13 11:29:00,6820.92,6821.46,6819.56,6819.64
2026-04-13 11:30:00,6819.28,6819.28,6817.65,6817.91
2026-04-13 11:31:00,6817.85,6818.21,6816.12,6817.19
2026-04-13 11:32:00,6817.19,6818.55,6817.19,6817.41
2026-04-13 11:33:00,6817.50,6819.30,6817.44,6819.25
2026-04-13 11:34:00,6819.23,6819.37,6817.97,6818.58
2026-04-13 11:35:00,6818.70,6819.40,6818.43,6819.13
2026-04-13 11:36:00,6819.15,6820.21,6817.80,6820.21
2026-04-13 11:37:00,6820.12,6822.48,6820.08,6822.00
2026-04-13 11:38:00,6822.16,6825.77,6820.36,6822.42
2026-04-13 11:39:00,6822.47,6824.08,6822.26,6823.58
2026-04-13 11:40:00,6823.61,6824.22,6822.53,6824.11
2026-04-13 11:41:00,6824.09,6824.52,6822.67,6822.73
2026-04-13 11:42:00,6822.76,6822.89,6819.85,6819.90
2026-04-13 11:43:00,6819.95,6820.03,6818.40,6819.71
2026-04-13 11:44:00,6819.67,6820.25,6819.19,6819.19
2026-04-13 11:45:00,6819.21,6819.21,6817.89,6818.87
2026-04-13 11:46:00,6818.88,6820.04,6818.88,6819.65
2026-04-13 11:47:00,6819.66,6819.99,6818.63,6819.11
2026-04-13 11:48:00,6819.09,6819.22,6817.85,6817.85
2026-04-13 11:49:00,6817.69,6818.34,6817.01,6818.32
2026-04-13 11:50:00,6818.34,6818.72,6817.57,6818.66
2026-04-13 11:51:00,6818.63,6818.72,6817.30,6817.48
2026-04-13 11:52:00,6817.50,6818.72,6817.02,6818.36
2026-04-13 11:53:00,6818.37,6818.89,6817.87,6818.71
2026-04-13 11:54:00,6818.88,6819.03,6817.44,6817.44
2026-04-13 11:55:00,6817.43,6818.29,6817.18,6818.21
2026-04-13 11:56:00,6818.22,6819.98,6818.12,6818.91
2026-04-13 11:57:00,6818.80,6818.96,6817.17,6817.94
2026-04-13 11:58:00,6817.92,6819.13,6817.83,6819.00
2026-04-13 11:59:00,6819.22,6819.22,6818.23,6818.67
2026-04-13 12:00:00,6818.69,6819.51,6817.72,6817.72
2026-04-13 12:01:00,6817.79,6817.79,6815.87,6816.44
2026-04-13 12:02:00,6816.40,6816.45,6814.09,6814.09
2026-04-13 12:03:00,6814.12,6815.05,6814.12,6814.75
2026-04-13 12:04:00,6814.70,6815.87,6814.59,6815.76
2026-04-13 12:05:00,6815.78,6815.85,6814.55,6815.14
2026-04-13 12:06:00,6815.21,6826.80,6815.21,6824.61
2026-04-13 12:07:00,6824.32,6824.32,6819.55,6820.27
2026-04-13 12:08:00,6820.20,6820.91,6819.37,6820.20
2026-04-13 12:09:00,6820.14,6822.26,6820.07,6821.48
2026-04-13 12:10:00,6821.44,6821.91,6820.82,6821.77
2026-04-13 12:11:00,6821.67,6824.25,6821.44,6823.68
2026-04-13 12:12:00,6823.64,6823.78,6822.44,6822.44
2026-04-13 12:13:00,6822.30,6822.53,6821.00,6822.30
2026-04-13 12:14:00,6822.28,6823.42,6822.28,6822.87
2026-04-13 12:15:00,6822.89,6823.55,6821.58,6821.91
2026-04-13 12:16:00,6821.88,6823.40,6821.78,6823.40
2026-04-13 12:17:00,6823.72,6824.69,6823.45,6824.68
2026-04-13 12:18:00,6824.82,6825.97,6823.41,6825.97
2026-04-13 12:19:00,6825.83,6826.28,6825.58,6825.80
2026-04-13 12:20:00,6825.82,6831.23,6825.80,6827.15
2026-04-13 12:21:00,6827.18,6829.94,6826.76,6829.94
2026-04-13 12:22:00,6829.78,6830.07,6828.63,6828.63
2026-04-13 12:23:00,6828.62,6829.83,6827.96,6829.37
2026-04-13 12:24:00,6829.34,6830.96,6829.23,6830.96
2026-04-13 12:25:00,6831.00,6833.02,6830.97,6832.64
2026-04-13 12:26:00,6832.77,6832.81,6830.93,6830.97
2026-04-13 12:27:00,6830.93,6832.14,6830.60,6832.14
2026-04-13 12:28:00,6832.19,6834.53,6831.53,6834.53
2026-04-13 12:29:00,6834.57,6839.38,6834.32,6837.97
2026-04-13 12:30:00,6838.02,6838.18,6837.15,6838.18
2026-04-13 12:31:00,6838.24,6839.65,6837.97,6838.66
2026-04-13 12:32:00,6838.63,6838.63,6835.40,6835.84
2026-04-13 12:33:00,6835.77,6842.57,6835.57,6838.53
2026-04-13 12:34:00,6838.42,6838.75,6837.34,6838.31
2026-04-13 12:35:00,6837.97,6845.76,6837.70,6843.93
2026-04-13 12:36:00,6843.70,6843.70,6840.48,6840.54
2026-04-13 12:37:00,6840.14,6840.38,6839.49,6839.92
2026-04-13 12:38:00,6839.98,6840.26,6839.13,6839.25
2026-04-13 12:39:00,6839.16,6840.85,6838.32,6840.36
2026-04-13 12:40:00,6839.05,6840.89,6837.43,6839.18
2026-04-13 12:41:00,6839.12,6839.23,6833.70,6834.49
2026-04-13 12:42:00,6834.59,6834.73,6831.28,6832.68
2026-04-13 12:43:00,6832.94,6839.42,6832.68,6839.07
2026-04-13 12:44:00,6839.10,6841.24,6839.10,6839.78
2026-04-13 12:45:00,6839.67,6839.89,6839.14,6839.89
2026-04-13 12:46:00,6839.94,6840.95,6839.44,6840.01
2026-04-13 12:47:00,6839.80,6846.35,6839.72,6845.97
2026-04-13 12:48:00,6845.74,6846.54,6844.84,6845.16
2026-04-13 12:49:00,6845.09,6845.51,6844.54,6844.66
2026-04-13 12:50:00,6844.68,6849.84,6844.68,6849.60
2026-04-13 12:51:00,6849.69,6851.79,6848.18,6848.18
2026-04-13 12:52:00,6848.16,6848.16,6845.86,6845.87
2026-04-13 12:53:00,6845.92,6846.12,6844.27,6844.30
2026-04-13 12:54:00,6844.34,6845.85,6844.34,6845.30
2026-04-13 12:55:00,6845.26,6845.26,6843.02,6843.59
2026-04-13 12:56:00,6843.60,6845.62,6843.55,6845.62
2026-04-13 12:57:00,6845.53,6845.79,6844.92,6845.36
2026-04-13 12:58:00,6845.71,6847.30,6845.27,6847.30
2026-04-13 12:59:00,6847.23,6847.82,6847.06,6847.06
2026-04-13 13:00:00,6847.11,6848.25,6847.11,6847.22
2026-04-13 13:01:00,6847.21,6847.47,6846.06,6847.47
2026-04-13 13:02:00,6847.49,6848.92,6847.39,6848.85
2026-04-13 13:03:00,6848.80,6849.26,6848.24,6848.27
2026-04-13 13:04:00,6848.13,6848.64,6847.77,6848.56
2026-04-13 13:05:00,6848.58,6849.24,6847.68,6847.68
2026-04-13 13:06:00,6847.69,6848.41,6847.14,6847.16
2026-04-13 13:07:00,6847.02,6847.10,6846.26,6846.49
2026-04-13 13:08:00,6846.42,6846.42,6844.84,6845.81
2026-04-13 13:09:00,6845.88,6846.37,6844.99,6846.37
2026-04-13 13:10:00,6846.38,6847.31,6845.94,6846.74
2026-04-13 13:11:00,6846.91,6847.24,6846.55,6846.86
2026-04-13 13:12:00,6846.85,6846.85,6845.98,6846.29
2026-04-13 13:13:00,6846.23,6846.33,6845.81,6846.01
2026-04-13 13:14:00,6845.94,6847.17,6845.94,6847.04
2026-04-13 13:15:00,6846.98,6847.63,6846.64,6847.63
2026-04-13 13:16:00,6847.69,6848.02,6847.13,6847.20
2026-04-13 13:17:00,6847.23,6847.39,6847.01,6847.16
2026-04-13 13:18:00,6847.19,6850.26,6847.19,6850.06
2026-04-13 13:19:00,6850.03,6851.30,6849.58,6849.95
2026-04-13 13:20:00,6850.06,6850.06,6848.10,6848.49
2026-04-13 13:21:00,6848.49,6849.34,6847.95,6849.17
2026-04-13 13:22:00,6849.16,6849.16,6847.97,6848.01
2026-04-13 13:23:00,6848.02,6848.66,6847.98,6848.20
2026-04-13 13:24:00,6848.19,6848.19,6847.00,6847.11
2026-04-13 13:25:00,6847.13,6847.82,6846.96,6847.82
2026-04-13 13:26:00,6847.81,6848.26,6847.61,6848.00
2026-04-13 13:27:00,6848.08,6848.72,6847.88,6848.38
2026-04-13 13:28:00,6848.35,6848.78,6848.16,6848.35
2026-04-13 13:29:00,6848.32,6848.96,6847.80,6848.96
2026-04-13 13:30:00,6848.97,6850.63,6848.77,6849.82
2026-04-13 13:31:00,6849.84,6850.48,6849.65,6849.68
2026-04-13 13:32:00,6849.52,6849.56,6848.77,6849.56
2026-04-13 13:33:00,6849.59,6849.99,6847.73,6847.90
2026-04-13 13:34:00,6847.89,6847.89,6847.41,6847.58
2026-04-13 13:35:00,6847.54,6847.56,6846.16,6846.34
2026-04-13 13:36:00,6846.36,6847.10,6846.22,6846.22
2026-04-13 13:37:00,6846.12,6847.83,6845.25,6847.43
2026-04-13 13:38:00,6847.31,6848.23,6847.28,6847.98
2026-04-13 13:39:00,6847.96,6847.96,6846.93,6847.00
2026-04-13 13:40:00,6847.00,6847.69,6846.32,6846.36
2026-04-13 13:41:00,6846.36,6846.86,6846.14,6846.86
2026-04-13 13:42:00,6846.89,6847.35,6846.17,6846.73
2026-04-13 13:43:00,6846.74,6846.94,6846.20,6846.87
2026-04-13 13:44:00,6846.74,6846.74,6845.18,6845.38
2026-04-13 13:45:00,6845.39,6845.39,6844.10,6844.55
2026-04-13 13:46:00,6844.59,6845.48,6844.52,6845.04
2026-04-13 13:47:00,6845.07,6845.25,6844.37,6844.57
2026-04-13 13:48:00,6844.58,6845.55,6844.50,6844.94
2026-04-13 13:49:00,6844.90,6845.15,6844.57,6844.63
2026-04-13 13:50:00,6844.58,6844.76,6842.64,6842.64
2026-04-13 13:51:00,6842.66,6844.23,6842.58,6843.77
2026-04-13 13:52:00,6843.81,6844.67,6843.81,6844.16
2026-04-13 13:53:00,6844.16,6845.47,6844.16,6844.95
2026-04-13 13:54:00,6845.00,6846.01,6844.56,6845.96
2026-04-13 13:55:00,6845.96,6846.91,6845.64,6846.91
2026-04-13 13:56:00,6846.94,6846.95,6845.36,6845.53
2026-04-13 13:57:00,6845.60,6845.75,6845.14,6845.45
2026-04-13 13:58:00,6845.45,6845.71,6845.11,6845.35
2026-04-13 13:59:00,6845.38,6845.79,6845.06,6845.28
2026-04-13 14:00:00,6845.26,6847.53,6845.26,6847.20
2026-04-13 14:01:00,6847.21,6847.63,6846.98,6847.26
2026-04-13 14:02:00,6847.25,6848.48,6846.92,6848.28
2026-04-13 14:03:00,6848.31,6848.96,6847.91,6848.96
2026-04-13 14:04:00,6848.94,6849.23,6847.96,6848.02
2026-04-13 14:05:00,6847.99,6848.29,6847.51,6847.54
2026-04-13 14:06:00,6847.55,6847.73,6847.18,6847.39
2026-04-13 14:07:00,6847.35,6847.92,6847.23,6847.84
2026-04-13 14:08:00,6847.83,6849.31,6847.83,6849.10
2026-04-13 14:09:00,6849.14,6849.31,6848.35,6849.01
2026-04-13 14:10:00,6849.00,6849.69,6848.97,6849.58
2026-04-13 14:11:00,6849.59,6850.02,6849.17,6849.24
2026-04-13 14:12:00,6849.25,6849.55,6849.01,6849.14
2026-04-13 14:13:00,6849.22,6849.56,6848.96,6849.39
2026-04-13 14:14:00,6849.41,6850.03,6849.28,6849.60
2026-04-13 14:15:00,6849.58,6849.98,6849.10,6849.98
2026-04-13 14:16:00,6849.99,6850.12,6849.48,6849.88
2026-04-13 14:17:00,6849.89,6850.03,6849.53,6849.78
2026-04-13 14:18:00,6849.77,6849.85,6849.02,6849.03
2026-04-13 14:19:00,6849.05,6849.18,6848.54,6848.63
2026-04-13 14:20:00,6848.65,6849.06,6847.75,6848.94
2026-04-13 14:21:00,6848.87,6850.01,6848.21,6849.64
2026-04-13 14:22:00,6849.63,6849.75,6848.99,6849.41
2026-04-13 14:23:00,6849.36,6849.45,6849.02,6849.02
2026-04-13 14:24:00,6848.99,6848.99,6847.66,6847.85
2026-04-13 14:25:00,6847.78,6847.86,6847.08,6847.86
2026-04-13 14:26:00,6847.86,6847.86,6847.19,6847.19
2026-04-13 14:27:00,6847.18,6847.28,6846.35,6846.35
2026-04-13 14:28:00,6846.40,6848.13,6846.40,6847.59
2026-04-13 14:29:00,6847.50,6847.59,6846.79,6847.36
2026-04-13 14:30:00,6847.33,6847.44,6846.65,6847.44
2026-04-13 14:31:00,6847.42,6848.44,6847.29,6848.32
2026-04-13 14:32:00,6848.33,6848.81,6848.14,6848.50
2026-04-13 14:33:00,6848.54,6849.07,6848.45,6848.71
2026-04-13 14:34:00,6848.60,6848.99,6848.50,6848.83
2026-04-13 14:35:00,6849.03,6849.51,6848.42,6849.51
2026-04-13 14:36:00,6849.45,6850.03,6849.30,6850.03
2026-04-13 14:37:00,6850.01,6850.53,6849.89,6850.40
2026-04-13 14:38:00,6850.26,6850.30,6849.60,6850.18
2026-04-13 14:39:00,6850.23,6850.54,6849.98,6850.06
2026-04-13 14:40:00,6850.10,6850.42,6849.76,6849.80
2026-04-13 14:41:00,6849.75,6849.98,6849.30,6849.81
2026-04-13 14:42:00,6849.72,6850.22,6849.06,6850.16
2026-04-13 14:43:00,6850.17,6850.79,6850.12,6850.69
2026-04-13 14:44:00,6850.64,6851.95,6850.46,6851.80
2026-04-13 14:45:00,6851.80,6854.24,6851.76,6853.95
2026-04-13 14:46:00,6854.03,6854.73,6854.03,6854.26
2026-04-13 14:47:00,6854.27,6854.47,6853.73,6854.03
2026-04-13 14:48:00,6854.04,6855.39,6854.03,6855.18
2026-04-13 14:49:00,6855.10,6855.29,6854.71,6854.83
2026-04-13 14:50:00,6854.81,6854.86,6854.17,6854.58
2026-04-13 14:51:00,6854.61,6856.51,6854.41,6856.16
2026-04-13 14:52:00,6856.28,6857.62,6856.22,6857.62
2026-04-13 14:53:00,6857.80,6857.85,6856.74,6856.91
2026-04-13 14:54:00,6856.89,6857.43,6856.07,6857.22
2026-04-13 14:55:00,6857.23,6858.37,6857.03,6858.29
2026-04-13 14:56:00,6858.27,6858.27,6857.40,6857.59
2026-04-13 14:57:00,6857.59,6857.59,6856.64,6857.38
2026-04-13 14:58:00,6857.36,6857.78,6857.02,6857.11
2026-04-13 14:59:00,6857.10,6857.22,6856.82,6856.99
2026-04-13 15:00:00,6857.01,6858.30,6856.87,6858.25
2026-04-13 15:01:00,6858.31,6859.38,6858.08,6859.38
2026-04-13 15:02:00,6859.45,6859.50,6858.20,6858.20
2026-04-13 15:03:00,6858.15,6858.66,6858.04,6858.45
2026-04-13 15:04:00,6858.39,6858.39,6857.58,6857.61
2026-04-13 15:05:00,6857.63,6857.75,6856.59,6857.30
2026-04-13 15:06:00,6857.24,6857.26,6856.00,6856.09
2026-04-13 15:07:00,6856.00,6856.28,6855.10,6855.20
2026-04-13 15:08:00,6855.25,6856.07,6855.22,6856.01
2026-04-13 15:09:00,6856.01,6856.74,6855.72,6856.74
2026-04-13 15:10:00,6856.64,6856.78,6856.43,6856.77
2026-04-13 15:11:00,6856.79,6856.79,6854.75,6855.23
2026-04-13 15:12:00,6855.20,6855.39,6855.08,6855.17
2026-04-13 15:13:00,6855.14,6855.28,6854.53,6854.56
2026-04-13 15:14:00,6854.57,6855.85,6854.56,6855.74
2026-04-13 15:15:00,6855.67,6856.17,6855.35,6856.17
2026-04-13 15:16:00,6856.24,6857.48,6856.14,6857.48
2026-04-13 15:17:00,6857.46,6857.85,6857.26,6857.74
2026-04-13 15:18:00,6857.73,6858.65,6857.73,6858.65
2026-04-13 15:19:00,6858.62,6858.90,6858.22,6858.38
2026-04-13 15:20:00,6858.38,6858.69,6858.07,6858.37
2026-04-13 15:21:00,6858.34,6859.62,6858.19,6859.62
2026-04-13 15:22:00,6859.68,6861.13,6859.63,6861.13
2026-04-13 15:23:00,6860.85,6861.51,6860.66,6861.43
2026-04-13 15:24:00,6861.40,6861.64,6861.02,6861.31
2026-04-13 15:25:00,6861.32,6861.92,6861.27,6861.53
2026-04-13 15:26:00,6861.64,6861.91,6861.50,6861.73
2026-04-13 15:27:00,6861.80,6861.86,6861.23,6861.72
2026-04-13 15:28:00,6861.70,6862.11,6861.50,6861.75
2026-04-13 15:29:00,6861.76,6862.00,6861.30,6862.00
2026-04-13 15:30:00,6862.00,6862.00,6860.65,6861.01
2026-04-13 15:31:00,6861.04,6864.47,6861.00,6864.09
2026-04-13 15:32:00,6864.21,6866.11,6864.19,6865.87
2026-04-13 15:33:00,6865.85,6866.32,6865.32,6865.48
2026-04-13 15:34:00,6865.49,6865.49,6864.65,6864.85
2026-04-13 15:35:00,6864.83,6865.60,6864.11,6865.32
2026-04-13 15:36:00,6865.29,6868.58,6865.27,6867.94
2026-04-13 15:37:00,6867.85,6867.85,6867.23,6867.23
2026-04-13 15:38:00,6867.05,6867.05,6865.30,6865.77
2026-04-13 15:39:00,6865.74,6865.88,6865.50,6865.55
2026-04-13 15:40:00,6865.48,6866.06,6865.20,6865.22
2026-04-13 15:41:00,6864.95,6865.17,6863.82,6864.09
2026-04-13 15:42:00,6864.09,6864.19,6863.40,6864.17
2026-04-13 15:43:00,6864.26,6864.39,6864.01,6864.01
2026-04-13 15:44:00,6863.94,6865.51,6863.94,6865.38
2026-04-13 15:45:00,6865.40,6865.40,6863.34,6863.54
2026-04-13 15:46:00,6863.64,6864.06,6863.41,6863.48
2026-04-13 15:47:00,6863.47,6863.79,6861.97,6862.45
2026-04-13 15:48:00,6862.57,6863.34,6862.26,6862.27
2026-04-13 15:49:00,6862.32,6864.11,6862.32,6863.94
2026-04-13 15:50:00,6863.96,6875.36,6863.96,6875.14
2026-04-13 15:51:00,6875.22,6876.92,6873.94,6876.24
2026-04-13 15:52:00,6876.26,6877.58,6876.10,6876.79
2026-04-13 15:53:00,6876.57,6880.03,6875.96,6879.87
2026-04-13 15:54:00,6879.78,6882.65,6879.21,6881.16
2026-04-13 15:55:00,6881.18,6884.73,6881.18,6884.00
2026-04-13 15:56:00,6883.68,6886.47,6883.26,6886.07
2026-04-13 15:57:00,6885.97,6886.12,6884.31,6885.80
2026-04-13 15:58:00,6885.72,6885.72,6883.98,6884.22
2026-04-13 15:59:00,6884.29,6887.00,6883.80,6885.91
2026-04-13 16:00:00,6885.00,6886.12,6885.00,6886.12
2026-04-13 16:01:00,6886.12,6886.23,6886.12,6886.23
2026-04-13 16:02:00,6886.23,6886.24,6886.23,6886.24
2026-04-13 16:03:00,6886.24,6886.24,6886.24,6886.24
2026-04-13 16:04:00,6886.24,6886.24,6886.24,6886.24
2026-04-13 16:05:00,6886.24,6886.24,6886.24,6886.24
2026-04-13 16:06:00,6886.24,6886.24,6886.24,6886.24
2026-04-13 16:07:00,6886.24,6886.24,6886.24,6886.24
2026-04-13 16:08:00,6886.24,6886.24,6886.24,6886.24
2026-04-13 16:09:00,6886.24,6886.24,6886.24,6886.24
2026-04-13 16:10:00,6886.24,6886.24,6886.24,6886.24
2026-04-13 16:11:00,6886.24,6886.24,6886.24,6886.24
2026-04-13 16:12:00,6886.24,6886.24,6886.24,6886.24
2026-04-13 16:13:00,6886.24,6886.24,6886.24,6886.24
2026-04-13 16:14:00,6886.24,6886.24,6886.24,6886.24
2026-04-13 16:15:00,6886.24,6886.24,6886.24,6886.24
2026-04-13 16:16:00,6886.24,6886.24,6886.24,6886.24
2026-04-13 16:17:00,6886.24,6886.24,6886.24,6886.24
2026-04-13 16:18:00,6886.24,6886.24,6886.24,6886.24
2026-04-13 16:19:00,6886.24,6886.24,6886.24,6886.24
2026-04-13 16:20:00,6886.24,6886.24,6886.24,6886.24
2026-04-13 16:44:00,6886.24,6886.24,6886.24,6886.24
2026-04-14 09:30:00,6910.20,6913.10,6905.59,6907.35
2026-04-14 09:31:00,6907.14,6909.22,6905.17,6908.20
2026-04-14 09:32:00,6907.82,6909.80,6906.19,6906.81
2026-04-14 09:33:00,6906.81,6909.78,6906.80,6909.78
2026-04-14 09:34:00,6909.66,6911.10,6909.23,6909.30
2026-04-14 09:35:00,6909.68,6913.52,6909.55,6913.52
2026-04-14 09:36:00,6913.95,6914.69,6912.08,6913.59
2026-04-14 09:37:00,6913.94,6918.19,6913.20,6917.65
2026-04-14 09:38:00,6917.95,6918.46,6916.76,6918.24
2026-04-14 09:39:00,6918.39,6918.74,6914.87,6915.17
2026-04-14 09:40:00,6915.54,6918.26,6915.54,6917.02
2026-04-14 09:41:00,6916.72,6918.96,6916.14,6918.28
2026-04-14 09:42:00,6918.66,6921.91,6918.06,6921.72
2026-04-14 09:43:00,6921.83,6923.19,6920.94,6922.99
2026-04-14 09:44:00,6923.34,6924.56,6922.63,6923.33
2026-04-14 09:45:00,6923.15,6923.28,6920.90,6921.40
2026-04-14 09:46:00,6921.32,6922.73,6921.22,6921.88
2026-04-14 09:47:00,6921.65,6922.30,6919.76,6920.45
2026-04-14 09:48:00,6920.31,6921.94,6919.34,6920.43
2026-04-14 09:49:00,6920.37,6922.66,6919.18,6922.44
2026-04-14 09:50:00,6922.39,6922.49,6920.14,6920.76
2026-04-14 09:51:00,6920.70,6922.91,6920.05,6922.48
2026-04-14 09:52:00,6922.57,6922.57,6919.87,6922.06
2026-04-14 09:53:00,6921.84,6922.11,6919.80,6921.13
2026-04-14 09:54:00,6921.36,6921.36,6919.29,6920.58
2026-04-14 09:55:00,6920.59,6920.75,6918.74,6919.41
2026-04-14 09:56:00,6919.51,6921.25,6919.21,6921.24
2026-04-14 09:57:00,6921.52,6921.52,6919.10,6919.12
2026-04-14 09:58:00,6919.24,6920.16,6918.66,6919.40
2026-04-14 09:59:00,6919.26,6919.67,6918.36,6919.25
2026-04-14 10:00:00,6919.08,6920.16,6918.81,6919.99
2026-04-14 10:01:00,6920.20,6921.60,6919.37,6921.09
2026-04-14 10:02:00,6921.05,6921.97,6920.20,6921.73
2026-04-14 10:03:00,6921.71,6921.71,6920.33,6921.22
2026-04-14 10:04:00,6921.02,6921.24,6919.06,6920.20
2026-04-14 10:05:00,6920.06,6922.04,6920.06,6922.00
2026-04-14 10:06:00,6921.89,6923.59,6921.41,6923.59
2026-04-14 10:07:00,6923.63,6924.85,6923.09,6924.80
2026-04-14 10:08:00,6924.82,6925.26,6924.09,6924.31
2026-04-14 10:09:00,6924.93,6927.97,6924.93,6927.88
2026-04-14 10:10:00,6927.84,6927.84,6926.02,6927.76
2026-04-14 10:11:00,6927.93,6929.08,6926.92,6928.63
2026-04-14 10:12:00,6928.74,6928.74,6926.83,6927.28
2026-04-14 10:13:00,6927.35,6931.28,6927.25,6930.94
2026-04-14 10:14:00,6931.10,6933.42,6931.10,6933.24
2026-04-14 10:15:00,6933.24,6933.68,6932.13,6932.75
2026-04-14 10:16:00,6932.85,6933.98,6931.84,6933.70
2026-04-14 10:17:00,6933.69,6934.89,6933.30,6933.54
2026-04-14 10:18:00,6933.45,6933.54,6930.52,6931.56
2026-04-14 10:19:00,6931.62,6931.92,6930.52,6930.95
2026-04-14 10:20:00,6931.00,6932.96,6930.86,6932.87
2026-04-14 10:21:00,6932.78,6934.67,6932.49,6934.61
2026-04-14 10:22:00,6934.57,6934.86,6933.48,6933.92
2026-04-14 10:23:00,6933.77,6933.77,6932.01,6932.09
2026-04-14 10:24:00,6932.06,6933.06,6931.86,6932.10
2026-04-14 10:25:00,6932.33,6932.84,6930.31,6930.57
2026-04-14 10:26:00,6930.56,6932.91,6930.56,6932.79
2026-04-14 10:27:00,6932.82,6933.02,6932.25,6932.50
2026-04-14 10:28:00,6932.55,6934.52,6932.39,6934.21
2026-04-14 10:29:00,6934.22,6934.66,6933.74,6934.19
2026-04-14 10:30:00,6934.28,6934.51,6933.01,6933.92
2026-04-14 10:31:00,6934.04,6934.37,6933.57,6933.87
2026-04-14 10:32:00,6933.92,6934.47,6933.46,6933.46
2026-04-14 10:33:00,6933.66,6933.83,6932.85,6932.95
2026-04-14 10:34:00,6933.14,6933.63,6932.63,6933.25
2026-04-14 10:35:00,6933.11,6937.08,6932.87,6936.79
2026-04-14 10:36:00,6936.87,6936.97,6935.58,6936.79
2026-04-14 10:37:00,6936.56,6937.89,6936.18,6937.78
2026-04-14 10:38:00,6937.77,6937.77,6933.49,6933.87
2026-04-14 10:39:00,6934.20,6934.29,6932.37,6932.56
2026-04-14 10:40:00,6932.40,6932.53,6930.60,6930.92
2026-04-14 10:41:00,6930.77,6933.18,6930.43,6933.15
2026-04-14 10:42:00,6933.22,6933.55,6932.73,6933.02
2026-04-14 10:43:00,6933.00,6933.79,6932.84,6933.76
2026-04-14 10:44:00,6933.88,6933.88,6932.50,6932.68
2026-04-14 10:45:00,6932.76,6934.16,6932.60,6934.16
2026-04-14 10:46:00,6934.20,6936.43,6934.20,6935.95
2026-04-14 10:47:00,6935.92,6937.57,6935.92,6937.23
2026-04-14 10:48:00,6937.15,6937.33,6936.44,6936.94
2026-04-14 10:49:00,6936.96,6938.41,6936.96,6937.51
2026-04-14 10:50:00,6937.56,6937.78,6935.85,6935.85
2026-04-14 10:51:00,6935.88,6937.24,6935.30,6937.24
2026-04-14 10:52:00,6937.15,6939.28,6937.09,6939.18
2026-04-14 10:53:00,6938.94,6939.71,6938.61,6938.99
2026-04-14 10:54:00,6939.09,6940.90,6938.92,6940.77
2026-04-14 10:55:00,6940.85,6940.97,6940.21,6940.56
2026-04-14 10:56:00,6940.57,6940.80,6939.17,6939.65
2026-04-14 10:57:00,6939.71,6940.24,6939.42,6939.58
2026-04-14 10:58:00,6939.61,6940.66,6938.95,6940.58
2026-04-14 10:59:00,6940.62,6940.84,6940.09,6940.23
2026-04-14 11:00:00,6940.05,6940.12,6938.54,6938.56
2026-04-14 11:01:00,6938.55,6939.74,6938.55,6939.60
2026-04-14 11:02:00,6939.49,6939.86,6937.77,6938.57
2026-04-14 11:03:00,6938.44,6939.43,6938.39,6938.98
2026-04-14 11:04:00,6938.95,6938.99,6937.05,6937.05
2026-04-14 11:05:00,6936.93,6937.09,6935.64,6936.00
2026-04-14 11:06:00,6936.01,6936.06,6933.24,6933.85
2026-04-14 11:07:00,6934.16,6936.44,6934.01,6935.28
2026-04-14 11:08:00,6935.23,6935.98,6934.82,6935.55
2026-04-14 11:09:00,6935.45,6935.45,6933.51,6933.68
2026-04-14 11:10:00,6933.70,6934.22,6933.28,6933.35
2026-04-14 11:11:00,6933.86,6935.34,6933.85,6935.20
2026-04-14 11:12:00,6935.23,6935.49,6934.04,6934.04
2026-04-14 11:13:00,6933.98,6935.69,6933.45,6935.44
2026-04-14 11:14:00,6935.53,6935.53,6933.72,6934.03
2026-04-14 11:15:00,6934.11,6936.20,6933.72,6936.06
2026-04-14 11:16:00,6936.14,6936.89,6935.94,6936.47
2026-04-14 11:17:00,6936.39,6937.19,6935.78,6937.19
2026-04-14 11:18:00,6937.16,6937.37,6936.58,6936.79
2026-04-14 11:19:00,6936.79,6940.15,6936.67,6939.81
2026-04-14 11:20:00,6940.05,6942.41,6939.42,6942.02
2026-04-14 11:21:00,6941.92,6943.19,6941.92,6943.01
2026-04-14 11:22:00,6943.13,6943.91,6942.95,6943.21
2026-04-14 11:23:00,6942.97,6944.14,6942.44,6944.14
2026-04-14 11:24:00,6944.13,6944.13,6943.11,6943.59
2026-04-14 11:25:00,6943.55,6946.12,6943.53,6946.09
2026-04-14 11:26:00,6946.14,6948.55,6946.14,6948.37
2026-04-14 11:27:00,6948.40,6948.45,6947.45,6947.65
2026-04-14 11:28:00,6947.57,6948.05,6947.21,6947.58
2026-04-14 11:29:00,6947.59,6947.59,6945.97,6946.46
2026-04-14 11:30:00,6946.50,6948.67,6946.34,6948.62
2026-04-14 11:31:00,6948.56,6949.47,6948.10,6949.45
2026-04-14 11:32:00,6949.51,6950.58,6949.12,6949.78
2026-04-14 11:33:00,6949.86,6949.86,6948.46,6948.53
2026-04-14 11:34:00,6948.55,6949.76,6948.45,6949.23
2026-04-14 11:35:00,6949.22,6950.34,6949.20,6949.90
2026-04-14 11:36:00,6949.91,6950.53,6949.83,6950.50
2026-04-14 11:37:00,6950.38,6951.06,6950.23,6950.48
2026-04-14 11:38:00,6950.49,6951.39,6950.00,6951.39
2026-04-14 11:39:00,6951.45,6952.35,6951.36,6951.67
2026-04-14 11:40:00,6951.58,6951.69,6950.51,6951.04
2026-04-14 11:41:00,6950.96,6951.06,6949.73,6949.88
2026-04-14 11:42:00,6949.92,6951.49,6949.87,6951.21
2026-04-14 11:43:00,6951.21,6954.52,6951.21,6952.20
2026-04-14 11:44:00,6951.99,6953.02,6950.92,6952.62
2026-04-14 11:45:00,6952.60,6955.06,6952.56,6954.77
2026-04-14 11:46:00,6954.73,6955.51,6954.73,6955.18
2026-04-14 11:47:00,6955.47,6955.47,6954.21,6954.24
2026-04-14 11:48:00,6954.24,6955.27,6954.15,6954.86
2026-04-14 11:49:00,6954.87,6954.94,6953.63,6954.13
2026-04-14 11:50:00,6954.00,6955.23,6953.94,6955.20
2026-04-14 11:51:00,6955.22,6957.02,6955.22,6956.74
2026-04-14 11:52:00,6956.72,6956.90,6956.30,6956.37
2026-04-14 11:53:00,6956.35,6957.07,6955.77,6956.35
2026-04-14 11:54:00,6956.34,6957.49,6956.34,6957.25
2026-04-14 11:55:00,6956.85,6956.85,6955.17,6956.11
2026-04-14 11:56:00,6955.95,6956.07,6955.05,6955.77
2026-04-14 11:57:00,6955.81,6955.81,6954.57,6954.92
2026-04-14 11:58:00,6954.75,6954.95,6953.90,6953.96
2026-04-14 11:59:00,6953.74,6953.80,6952.70,6952.95
2026-04-14 12:00:00,6953.02,6954.14,6952.57,6953.39
2026-04-14 12:01:00,6953.32,6953.53,6952.28,6952.74
2026-04-14 12:02:00,6952.90,6954.83,6952.90,6954.70
2026-04-14 12:03:00,6954.70,6955.74,6954.58,6955.50
2026-04-14 12:04:00,6955.54,6956.17,6955.42,6955.55
2026-04-14 12:05:00,6955.52,6955.90,6954.42,6955.04
2026-04-14 12:06:00,6955.05,6955.39,6953.99,6954.13
2026-04-14 12:07:00,6954.11,6956.13,6953.73,6955.68
2026-04-14 12:08:00,6955.63,6955.63,6954.12,6954.29
2026-04-14 12:09:00,6954.30,6955.10,6954.30,6954.97
2026-04-14 12:10:00,6954.93,6955.94,6954.93,6954.94
2026-04-14 12:11:00,6954.84,6955.01,6954.31,6954.61
2026-04-14 12:12:00,6954.60,6954.60,6953.69,6954.07
2026-04-14 12:13:00,6954.13,6954.37,6953.59,6953.79
2026-04-14 12:14:00,6953.78,6954.58,6953.72,6954.58
2026-04-14 12:15:00,6954.57,6955.31,6954.14,6954.14
2026-04-14 12:16:00,6954.17,6954.77,6954.06,6954.18
2026-04-14 12:17:00,6954.15,6955.51,6954.13,6955.06
2026-04-14 12:18:00,6955.07,6956.25,6954.87,6956.03
2026-04-14 12:19:00,6955.98,6956.74,6955.73,6956.74
2026-04-14 12:20:00,6956.73,6958.26,6956.41,6958.19
2026-04-14 12:21:00,6958.16,6958.24,6957.10,6957.33
2026-04-14 12:22:00,6957.24,6957.57,6956.17,6957.57
2026-04-14 12:23:00,6957.63,6959.27,6957.60,6958.75
2026-04-14 12:24:00,6958.81,6959.11,6958.40,6959.11
2026-04-14 12:25:00,6959.24,6959.69,6958.85,6959.37
2026-04-14 12:26:00,6959.31,6960.45,6959.28,6960.34
2026-04-14 12:27:00,6960.44,6961.51,6960.38,6960.95
2026-04-14 12:28:00,6961.01,6961.13,6960.36,6961.01
2026-04-14 12:29:00,6961.11,6961.46,6960.30,6960.30
2026-04-14 12:30:00,6960.32,6961.65,6960.28,6961.65
2026-04-14 12:31:00,6961.65,6961.72,6959.72,6959.75
2026-04-14 12:32:00,6959.73,6959.73,6958.51,6958.53
2026-04-14 12:33:00,6958.57,6958.68,6957.61,6958.23
2026-04-14 12:34:00,6958.22,6958.32,6957.38,6957.51
2026-04-14 12:35:00,6957.61,6957.81,6956.52,6956.56
2026-04-14 12:36:00,6956.54,6957.35,6956.43,6957.16
2026-04-14 12:37:00,6957.06,6958.60,6957.06,6958.60
2026-04-14 12:38:00,6958.55,6959.02,6958.32,6958.63
2026-04-14 12:39:00,6958.57,6959.03,6958.40,6958.45
2026-04-14 12:40:00,6958.47,6959.79,6958.42,6959.48
2026-04-14 12:41:00,6959.33,6959.40,6958.08,6958.08
2026-04-14 12:42:00,6958.20,6959.36,6957.67,6958.79
2026-04-14 12:43:00,6958.89,6959.36,6958.85,6959.01
2026-04-14 12:44:00,6959.06,6959.59,6958.57,6959.24
2026-04-14 12:45:00,6959.41,6960.05,6958.96,6959.47
2026-04-14 12:46:00,6959.49,6959.51,6958.63,6958.91
2026-04-14 12:47:00,6958.92,6959.67,6958.92,6959.25
2026-04-14 12:48:00,6959.27,6959.96,6959.10,6959.45
2026-04-14 12:49:00,6959.34,6960.86,6959.34,6960.71
2026-04-14 12:50:00,6960.73,6961.06,6959.63,6959.76
2026-04-14 12:51:00,6959.77,6959.77,6957.50,6958.45
2026-04-14 12:52:00,6958.46,6958.93,6957.93,6957.96
2026-04-14 12:53:00,6957.97,6958.03,6956.26,6956.26
2026-04-14 12:54:00,6956.14,6956.48,6955.71,6955.90
2026-04-14 12:55:00,6955.85,6956.16,6953.92,6954.13
2026-04-14 12:56:00,6954.02,6954.02,6952.87,6952.87
2026-04-14 12:57:00,6952.81,6953.65,6952.62,6952.87
2026-04-14 12:58:00,6952.93,6953.46,6952.66,6953.07
2026-04-14 12:59:00,6953.05,6953.71,6952.33,6953.62
2026-04-14 13:00:00,6953.59,6954.96,6953.58,6954.74
2026-04-14 13:01:00,6954.83,6955.85,6954.58,6955.33
2026-04-14 13:02:00,6955.29,6956.36,6955.25,6956.02
2026-04-14 13:03:00,6956.01,6956.77,6956.01,6956.77
2026-04-14 13:04:00,6956.87,6957.11,6955.97,6956.06
2026-04-14 13:05:00,6955.99,6957.79,6955.81,6957.51
2026-04-14 13:06:00,6957.35,6957.79,6956.97,6957.05
2026-04-14 13:07:00,6957.12,6957.14,6955.42,6955.42
2026-04-14 13:08:00,6955.44,6956.26,6955.35,6956.07
2026-04-14 13:09:00,6956.03,6956.54,6955.76,6955.79
2026-04-14 13:10:00,6955.84,6956.84,6955.84,6956.29
2026-04-14 13:11:00,6956.30,6957.33,6955.82,6957.23
2026-04-14 13:12:00,6957.22,6957.30,6956.48,6957.30
2026-04-14 13:13:00,6957.23,6957.62,6957.07,6957.35
2026-04-14 13:14:00,6957.37,6957.49,6957.10,6957.15
2026-04-14 13:15:00,6957.13,6957.84,6956.73,6957.21
2026-04-14 13:16:00,6957.29,6958.65,6957.17,6958.58
2026-04-14 13:17:00,6958.64,6959.48,6958.22,6959.48
2026-04-14 13:18:00,6959.52,6960.18,6959.32,6959.96
2026-04-14 13:19:00,6960.00,6961.46,6959.79,6961.36
2026-04-14 13:20:00,6961.44,6962.43,6961.26,6961.58
2026-04-14 13:21:00,6961.53,6962.18,6961.32,6961.90
2026-04-14 13:22:00,6961.98,6963.11,6961.98,6963.08
2026-04-14 13:23:00,6963.05,6963.62,6962.73,6963.59
2026-04-14 13:24:00,6963.57,6964.14,6963.34,6963.38
2026-04-14 13:25:00,6963.42,6963.48,6961.51,6962.08
2026-04-14 13:26:00,6962.12,6962.57,6961.22,6961.25
2026-04-14 13:27:00,6961.19,6961.79,6961.06,6961.42
2026-04-14 13:28:00,6961.50,6961.54,6960.74,6961.34
2026-04-14 13:29:00,6961.38,6961.82,6961.08,6961.48
2026-04-14 13:30:00,6961.48,6962.27,6961.45,6962.10
2026-04-14 13:31:00,6962.07,6963.21,6962.07,6963.05
2026-04-14 13:32:00,6963.11,6964.44,6963.11,6964.36
2026-04-14 13:33:00,6964.34,6964.64,6964.14,6964.45
2026-04-14 13:34:00,6964.50,6964.65,6964.03,6964.45
2026-04-14 13:35:00,6964.40,6964.95,6963.58,6963.58
2026-04-14 13:36:00,6963.93,6964.21,6963.11,6964.16
2026-04-14 13:37:00,6964.13,6964.81,6963.11,6964.57
2026-04-14 13:38:00,6964.38,6964.87,6964.30,6964.55
2026-04-14 13:39:00,6964.51,6964.60,6963.81,6963.87
2026-04-14 13:40:00,6963.95,6964.32,6963.19,6963.36
2026-04-14 13:41:00,6963.37,6964.49,6963.35,6964.49
2026-04-14 13:42:00,6964.49,6965.23,6963.96,6965.15
2026-04-14 13:43:00,6965.11,6965.21,6964.31,6964.36
2026-04-14 13:44:00,6964.27,6964.92,6964.22,6964.76
2026-04-14 13:45:00,6964.73,6964.90,6964.53,6964.61
2026-04-14 13:46:00,6964.71,6964.86,6963.75,6964.19
2026-04-14 13:47:00,6964.21,6964.60,6964.20,6964.46
2026-04-14 13:48:00,6964.44,6964.87,6964.21,6964.63
2026-04-14 13:49:00,6964.51,6964.51,6963.99,6964.24
2026-04-14 13:50:00,6964.28,6964.77,6964.03,6964.65
2026-04-14 13:51:00,6964.65,6964.65,6963.35,6963.54
2026-04-14 13:52:00,6963.51,6963.76,6962.87,6962.87
2026-04-14 13:53:00,6962.81,6962.82,6960.53,6960.91
2026-04-14 13:54:00,6961.02,6961.52,6960.59,6961.45
2026-04-14 13:55:00,6961.23,6961.97,6961.11,6961.89
2026-04-14 13:56:00,6961.94,6961.96,6960.00,6960.82
2026-04-14 13:57:00,6960.88,6961.47,6960.55,6960.87
2026-04-14 13:58:00,6960.95,6961.25,6960.73,6961.24
2026-04-14 13:59:00,6961.19,6961.61,6961.09,6961.50
2026-04-14 14:00:00,6961.45,6962.60,6961.30,6962.47
2026-04-14 14:01:00,6962.50,6963.09,6962.32,6962.58
2026-04-14 14:02:00,6962.65,6963.01,6962.24,6962.29
2026-04-14 14:03:00,6962.37,6963.08,6962.31,6962.53
2026-04-14 14:04:00,6962.53,6962.73,6962.09,6962.34
2026-04-14 14:05:00,6962.22,6962.93,6961.97,6962.33
2026-04-14 14:06:00,6962.34,6962.61,6961.43,6961.55
2026-04-14 14:07:00,6961.86,6961.98,6961.17,6961.68
2026-04-14 14:08:00,6961.72,6962.44,6961.48,6961.78
2026-04-14 14:09:00,6961.78,6962.80,6961.51,6962.80
2026-04-14 14:10:00,6962.74,6962.74,6960.98,6960.98
2026-04-14 14:11:00,6960.92,6960.92,6960.29,6960.49
2026-04-14 14:12:00,6960.53,6960.72,6959.81,6959.96
2026-04-14 14:13:00,6959.86,6960.78,6959.53,6960.77
2026-04-14 14:14:00,6960.82,6960.95,6959.49,6959.89
2026-04-14 14:15:00,6959.87,6960.10,6958.53,6958.53
2026-04-14 14:16:00,6958.51,6959.20,6957.93,6957.93
2026-04-14 14:17:00,6957.74,6957.76,6956.45,6956.45
2026-04-14 14:18:00,6956.42,6956.44,6955.99,6956.15
2026-04-14 14:19:00,6956.06,6956.06,6952.03,6953.66
2026-04-14 14:20:00,6953.73,6954.93,6951.76,6951.76
2026-04-14 14:21:00,6951.60,6951.60,6947.87,6949.99
2026-04-14 14:22:00,6950.13,6951.90,6949.76,6949.76
2026-04-14 14:23:00,6949.73,6950.31,6948.56,6948.56
2026-04-14 14:24:00,6948.74,6949.24,6946.63,6946.90
2026-04-14 14:25:00,6947.12,6949.44,6945.81,6949.20
2026-04-14 14:26:00,6949.22,6951.16,6949.22,6950.76
2026-04-14 14:27:00,6950.83,6952.08,6950.83,6951.48
2026-04-14 14:28:00,6951.53,6951.64,6950.01,6950.38
2026-04-14 14:29:00,6950.48,6950.58,6949.73,6949.94
2026-04-14 14:30:00,6949.94,6950.84,6949.60,6950.84
2026-04-14 14:31:00,6950.72,6951.35,6950.56,6950.83
2026-04-14 14:32:00,6950.74,6952.40,6950.61,6952.16
2026-04-14 14:33:00,6952.21,6952.32,6951.42,6951.51
2026-04-14 14:34:00,6951.51,6951.65,6950.70,6950.84
2026-04-14 14:35:00,6950.91,6952.25,6950.91,6952.09
2026-04-14 14:36:00,6952.08,6953.15,6952.00,6952.86
2026-04-14 14:37:00,6952.85,6953.44,6952.76,6953.44
2026-04-14 14:38:00,6953.36,6954.04,6952.95,6953.02
2026-04-14 14:39:00,6953.07,6954.02,6953.00,6954.02
2026-04-14 14:40:00,6954.08,6955.58,6953.93,6955.36
2026-04-14 14:41:00,6955.32,6955.32,6953.43,6953.43
2026-04-14 14:42:00,6953.45,6953.47,6951.05,6951.05
2026-04-14 14:43:00,6951.10,6952.01,6951.10,6951.18
2026-04-14 14:44:00,6951.29,6951.33,6949.48,6949.88
2026-04-14 14:45:00,6949.90,6951.57,6949.16,6951.12
2026-04-14 14:46:00,6951.05,6951.05,6949.26,6949.51
2026-04-14 14:47:00,6949.67,6949.97,6949.12,6949.21
2026-04-14 14:48:00,6949.16,6949.24,6947.51,6948.40
2026-04-14 14:49:00,6948.42,6948.68,6948.05,6948.51
2026-04-14 14:50:00,6948.49,6949.02,6947.98,6948.21
2026-04-14 14:51:00,6948.10,6948.99,6947.83,6948.95
2026-04-14 14:52:00,6949.07,6950.25,6949.07,6950.15
2026-04-14 14:53:00,6950.22,6950.22,6949.37,6949.57
2026-04-14 14:54:00,6949.58,6951.20,6949.58,6950.39
2026-04-14 14:55:00,6950.37,6950.81,6950.08,6950.23
2026-04-14 14:56:00,6950.29,6950.95,6950.25,6950.30
2026-04-14 14:57:00,6950.27,6950.41,6949.70,6950.21
2026-04-14 14:58:00,6950.13,6950.66,6949.92,6950.38
2026-04-14 14:59:00,6950.41,6951.64,6950.21,6951.56
2026-04-14 15:00:00,6951.55,6952.67,6950.93,6952.46
2026-04-14 15:01:00,6952.48,6953.84,6952.27,6953.84
2026-04-14 15:02:00,6953.37,6953.70,6953.13,6953.44
2026-04-14 15:03:00,6953.52,6955.69,6953.52,6955.69
2026-04-14 15:04:00,6955.65,6956.29,6955.14,6956.10
2026-04-14 15:05:00,6956.05,6957.69,6955.96,6957.69
2026-04-14 15:06:00,6957.59,6958.27,6956.97,6957.34
2026-04-14 15:07:00,6957.35,6958.29,6957.05,6958.16
2026-04-14 15:08:00,6958.12,6958.14,6957.33,6957.78
2026-04-14 15:09:00,6957.75,6957.87,6956.78,6957.87
2026-04-14 15:10:00,6957.90,6958.68,6957.44,6958.55
2026-04-14 15:11:00,6958.57,6960.99,6958.57,6960.99
2026-04-14 15:12:00,6960.99,6961.55,6960.33,6960.93
2026-04-14 15:13:00,6960.86,6960.86,6959.33,6959.74
2026-04-14 15:14:00,6959.70,6959.91,6959.18,6959.45
2026-04-14 15:15:00,6959.40,6960.40,6959.34,6960.25
2026-04-14 15:16:00,6960.32,6962.10,6960.32,6961.57
2026-04-14 15:17:00,6961.63,6962.20,6961.16,6961.49
2026-04-14 15:18:00,6961.46,6961.46,6960.98,6961.22
2026-04-14 15:19:00,6961.26,6961.26,6960.03,6960.88
2026-04-14 15:20:00,6960.82,6962.29,6960.64,6961.97
2026-04-14 15:21:00,6961.98,6963.56,6961.91,6963.48
2026-04-14 15:22:00,6963.61,6963.66,6962.69,6963.21
2026-04-14 15:23:00,6963.25,6964.22,6962.71,6964.08
2026-04-14 15:24:00,6964.10,6964.86,6964.05,6964.65
2026-04-14 15:25:00,6964.72,6966.28,6964.72,6965.68
2026-04-14 15:26:00,6965.42,6965.97,6964.94,6965.61
2026-04-14 15:27:00,6965.63,6966.02,6965.31,6965.73
2026-04-14 15:28:00,6965.84,6966.26,6965.43,6965.69
2026-04-14 15:29:00,6965.78,6966.87,6965.41,6966.66
2026-04-14 15:30:00,6966.48,6966.96,6966.10,6966.22
2026-04-14 15:31:00,6966.27,6968.16,6966.27,6967.99
2026-04-14 15:32:00,6968.12,6969.42,6968.12,6968.54
2026-04-14 15:33:00,6968.46,6968.46,6967.21,6967.37
2026-04-14 15:34:00,6967.36,6967.36,6963.88,6964.10
2026-04-14 15:35:00,6964.08,6964.08,6961.34,6961.34
2026-04-14 15:36:00,6961.42,6964.17,6961.42,6964.11
2026-04-14 15:37:00,6964.11,6965.28,6964.10,6964.76
2026-04-14 15:38:00,6964.78,6965.73,6964.78,6965.39
2026-04-14 15:39:00,6965.35,6967.37,6965.34,6967.02
2026-04-14 15:40:00,6967.06,6967.30,6965.35,6965.61
2026-04-14 15:41:00,6965.62,6965.66,6963.36,6963.86
2026-04-14 15:42:00,6963.87,6963.88,6962.80,6962.82
2026-04-14 15:43:00,6962.78,6963.79,6962.32,6963.79
2026-04-14 15:44:00,6963.89,6965.23,6963.76,6964.28
2026-04-14 15:45:00,6964.36,6965.40,6964.10,6964.52
2026-04-14 15:46:00,6964.41,6964.50,6963.27,6963.73
2026-04-14 15:47:00,6963.77,6963.77,6962.51,6963.46
2026-04-14 15:48:00,6963.32,6964.03,6963.03,6963.89
2026-04-14 15:49:00,6963.96,6964.59,6963.12,6964.59
2026-04-14 15:50:00,6964.55,6967.36,6962.90,6962.90
2026-04-14 15:51:00,6962.81,6962.84,6959.55,6960.90
2026-04-14 15:52:00,6960.89,6962.98,6960.89,6961.26
2026-04-14 15:53:00,6961.22,6962.92,6960.24,6960.24
2026-04-14 15:54:00,6960.18,6962.26,6958.99,6959.20
2026-04-14 15:55:00,6959.13,6963.52,6959.13,6962.84
2026-04-14 15:56:00,6962.80,6964.54,6962.37,6964.48
2026-04-14 15:57:00,6964.40,6965.51,6963.50,6965.10
2026-04-14 15:58:00,6964.84,6966.49,6964.50,6966.45
2026-04-14 15:59:00,6966.44,6967.97,6965.95,6966.78
2026-04-14 16:00:00,6967.63,6967.80,6967.40,6967.40
2026-04-14 16:01:00,6967.40,6967.40,6967.37,6967.37
2026-04-14 16:02:00,6967.37,6967.39,6967.37,6967.39
2026-04-14 16:03:00,6967.39,6967.39,6967.37,6967.38
2026-04-14 16:04:00,6967.38,6967.38,6967.38,6967.38
2026-04-14 16:05:00,6967.38,6967.38,6967.38,6967.38
2026-04-14 16:06:00,6967.38,6967.38,6967.38,6967.38
2026-04-14 16:07:00,6967.38,6967.38,6967.38,6967.38
2026-04-14 16:08:00,6967.38,6967.38,6967.38,6967.38
2026-04-14 16:09:00,6967.38,6967.38,6967.38,6967.38
2026-04-14 16:10:00,6967.38,6967.38,6967.38,6967.38
2026-04-14 16:11:00,6967.38,6967.38,6967.38,6967.38
2026-04-14 16:12:00,6967.38,6967.38,6967.38,6967.38
2026-04-14 16:13:00,6967.38,6967.38,6967.38,6967.38
2026-04-14 16:14:00,6967.38,6967.38,6967.38,6967.38
2026-04-14 16:15:00,6967.38,6967.38,6967.38,6967.38
2026-04-14 16:16:00,6967.38,6967.38,6967.38,6967.38
2026-04-14 16:17:00,6967.38,6967.38,6967.38,6967.38
2026-04-14 16:18:00,6967.38,6967.38,6967.38,6967.38
2026-04-14 16:19:00,6967.38,6967.38,6967.38,6967.38
2026-04-14 16:20:00,6967.38,6967.38,6967.38,6967.38
2026-04-14 16:42:00,6967.38,6967.38,6967.38,6967.38
2026-04-15 09:30:00,6978.17,6981.54,6977.34,6978.88
2026-04-15 09:31:00,6979.06,6981.51,6976.23,6976.23
2026-04-15 09:32:00,6976.40,6980.45,6975.99,6980.45
2026-04-15 09:33:00,6980.62,6983.28,6980.12,6982.52
2026-04-15 09:34:00,6982.61,6983.23,6980.77,6982.55
2026-04-15 09:35:00,6982.35,6983.19,6979.87,6981.69
2026-04-15 09:36:00,6981.33,6983.59,6980.32,6983.20
2026-04-15 09:37:00,6983.55,6984.84,6981.75,6984.23
2026-04-15 09:38:00,6984.30,6986.87,6982.74,6986.67
2026-04-15 09:39:00,6987.05,6988.12,6985.47,6988.12
2026-04-15 09:40:00,6987.79,6988.22,6986.05,6987.30
2026-04-15 09:41:00,6987.24,6987.74,6985.59,6986.64
2026-04-15 09:42:00,6986.89,6986.89,6982.16,6982.16
2026-04-15 09:43:00,6982.13,6983.11,6978.09,6978.09
2026-04-15 09:44:00,6977.46,6978.74,6967.13,6967.13
2026-04-15 09:45:00,6967.44,6971.40,6967.44,6969.63
2026-04-15 09:46:00,6969.58,6972.02,6969.26,6970.16
2026-04-15 09:47:00,6970.41,6976.04,6970.40,6976.04
2026-04-15 09:48:00,6976.23,6976.48,6974.84,6975.23
2026-04-15 09:49:00,6975.06,6975.88,6974.25,6974.89
2026-04-15 09:50:00,6974.82,6975.93,6974.01,6974.84
2026-04-15 09:51:00,6974.90,6975.09,6973.34,6974.04
2026-04-15 09:52:00,6974.30,6974.30,6969.83,6972.79
2026-04-15 09:53:00,6972.94,6975.40,6972.80,6974.37
2026-04-15 09:54:00,6974.31,6974.51,6973.01,6974.08
2026-04-15 09:55:00,6973.96,6975.89,6973.73,6974.62
2026-04-15 09:56:00,6974.65,6975.58,6974.16,6975.18
2026-04-15 09:57:00,6975.11,6978.41,6974.66,6978.27
2026-04-15 09:58:00,6978.21,6979.35,6977.75,6979.16
2026-04-15 09:59:00,6979.11,6981.21,6979.07,6980.77
2026-04-15 10:00:00,6981.46,6981.72,6975.35,6975.50
2026-04-15 10:01:00,6975.67,6976.59,6975.67,6976.33
2026-04-15 10:02:00,6976.46,6977.86,6976.25,6977.56
2026-04-15 10:03:00,6977.69,6978.96,6977.21,6977.99
2026-04-15 10:04:00,6977.88,6977.88,6976.43,6976.59
2026-04-15 10:05:00,6976.59,6977.25,6975.34,6976.62
2026-04-15 10:06:00,6976.44,6977.89,6973.57,6977.69
2026-04-15 10:07:00,6977.77,6978.13,6976.33,6976.90
2026-04-15 10:08:00,6977.07,6978.22,6976.88,6977.00
2026-04-15 10:09:00,6977.23,6979.48,6977.23,6978.72
2026-04-15 10:10:00,6978.73,6979.80,6978.28,6979.29
2026-04-15 10:11:00,6979.26,6980.30,6977.16,6979.59
2026-04-15 10:12:00,6979.32,6980.84,6979.27,6979.81
2026-04-15 10:13:00,6979.88,6982.19,6979.60,6982.03
2026-04-15 10:14:00,6982.06,6983.16,6981.57,6983.13
2026-04-15 10:15:00,6983.21,6986.13,6983.21,6985.61
2026-04-15 10:16:00,6985.82,6986.65,6984.61,6986.64
2026-04-15 10:17:00,6986.78,6987.59,6985.19,6985.19
2026-04-15 10:18:00,6985.27,6986.04,6984.84,6985.72
2026-04-15 10:19:00,6985.69,6985.92,6982.02,6982.48
2026-04-15 10:20:00,6982.48,6984.65,6982.48,6984.53
2026-04-15 10:21:00,6984.60,6987.15,6984.46,6986.97
2026-04-15 10:22:00,6986.80,6988.00,6986.63,6987.44
2026-04-15 10:23:00,6987.49,6988.87,6987.38,6988.14
2026-04-15 10:24:00,6988.00,6991.95,6987.98,6990.68
2026-04-15 10:25:00,6990.59,6991.73,6990.08,6991.10
2026-04-15 10:26:00,6991.03,6992.56,6990.91,6992.56
2026-04-15 10:27:00,6992.67,6992.88,6991.86,6991.89
2026-04-15 10:28:00,6991.65,6992.17,6990.01,6992.17
2026-04-15 10:29:00,6992.18,6992.88,6991.77,6992.79
2026-04-15 10:30:00,6992.85,6993.72,6992.03,6992.74
2026-04-15 10:31:00,6992.78,6994.02,6992.16,6994.02
2026-04-15 10:32:00,6994.11,6994.53,6993.52,6994.41
2026-04-15 10:33:00,6994.60,6994.70,6992.12,6992.19
2026-04-15 10:34:00,6992.00,6992.00,6988.72,6989.12
2026-04-15 10:35:00,6989.09,6991.31,6988.34,6990.66
2026-04-15 10:36:00,6990.83,6991.11,6990.11,6990.71
2026-04-15 10:37:00,6990.66,6991.44,6990.52,6990.53
2026-04-15 10:38:00,6990.56,6990.95,6987.42,6987.42
2026-04-15 10:39:00,6987.07,6987.07,6983.38,6983.53
2026-04-15 10:40:00,6983.69,6988.80,6983.69,6988.39
2026-04-15 10:41:00,6988.21,6989.92,6988.21,6989.86
2026-04-15 10:42:00,6990.01,6990.57,6988.12,6989.09
2026-04-15 10:43:00,6989.19,6992.02,6989.02,6991.62
2026-04-15 10:44:00,6991.70,6991.81,6990.61,6991.36
2026-04-15 10:45:00,6991.42,6992.23,6990.91,6992.14
2026-04-15 10:46:00,6992.08,6992.27,6991.38,6991.95
2026-04-15 10:47:00,6992.15,6992.15,6990.40,6991.81
2026-04-15 10:48:00,6991.60,6993.05,6991.32,6992.67
2026-04-15 10:49:00,6992.90,6994.40,6992.41,6994.18
2026-04-15 10:50:00,6994.20,6995.26,6993.73,6994.00
2026-04-15 10:51:00,6994.04,6994.04,6991.11,6991.49
2026-04-15 10:52:00,6991.43,6992.04,6990.89,6991.42
2026-04-15 10:53:00,6991.46,6992.75,6990.95,6991.01
2026-04-15 10:54:00,6990.95,6992.00,6990.69,6990.91
2026-04-15 10:55:00,6990.94,6991.78,6990.47,6991.63
2026-04-15 10:56:00,6991.54,6993.44,6991.33,6993.38
2026-04-15 10:57:00,6993.51,6993.63,6992.95,6993.30
2026-04-15 10:58:00,6993.36,6993.74,6992.85,6993.10
2026-04-15 10:59:00,6993.16,6993.16,6991.60,6991.72
2026-04-15 11:00:00,6991.63,6992.18,6990.28,6990.28
2026-04-15 11:01:00,6990.22,6992.39,6989.81,6992.28
2026-04-15 11:02:00,6992.47,6993.55,6992.04,6993.53
2026-04-15 11:03:00,6993.46,6993.46,6992.16,6992.82
2026-04-15 11:04:00,6992.77,6992.91,6991.44,6992.91
2026-04-15 11:05:00,6992.97,6993.97,6992.84,6993.81
2026-04-15 11:06:00,6993.82,6993.82,6991.62,6992.37
2026-04-15 11:07:00,6992.40,6992.72,6989.02,6989.02
2026-04-15 11:08:00,6988.91,6989.94,6988.61,6989.63
2026-04-15 11:09:00,6989.40,6991.02,6989.38,6991.02
2026-04-15 11:10:00,6990.85,6992.66,6990.51,6992.15
2026-04-15 11:11:00,6992.36,6993.65,6992.36,6993.16
2026-04-15 11:12:00,6993.09,6996.49,6993.09,6996.21
2026-04-15 11:13:00,6996.23,6996.52,6994.95,6995.80
2026-04-15 11:14:00,6995.73,6997.14,6995.61,6996.72
2026-04-15 11:15:00,6996.86,6998.09,6995.99,6997.68
2026-04-15 11:16:00,6997.78,6998.26,6997.49,6997.80
2026-04-15 11:17:00,6997.78,6997.81,6995.97,6997.14
2026-04-15 11:18:00,6997.27,6997.76,6996.55,6997.52
2026-04-15 11:19:00,6997.54,6997.94,6997.16,6997.69
2026-04-15 11:20:00,6997.79,6998.05,6997.02,6997.80
2026-04-15 11:21:00,6997.67,6998.35,6997.29,6997.78
2026-04-15 11:22:00,6997.87,6999.27,6997.87,6999.09
2026-04-15 11:23:00,6998.97,6999.00,6996.54,6997.09
2026-04-15 11:24:00,6997.20,6997.68,6996.88,6997.58
2026-04-15 11:25:00,6997.80,6998.53,6997.29,6997.93
2026-04-15 11:26:00,6997.95,6998.61,6997.85,6998.00
2026-04-15 11:27:00,6997.87,6998.98,6997.74,6998.87
2026-04-15 11:28:00,6998.84,6999.84,6998.83,6998.96
2026-04-15 11:29:00,6999.11,6999.11,6997.05,6998.12
2026-04-15 11:30:00,6997.95,6997.95,6994.76,6994.78
2026-04-15 11:31:00,6994.70,6994.87,6993.34,6994.37
2026-04-15 11:32:00,6994.47,6995.25,6992.85,6992.93
2026-04-15 11:33:00,6992.92,6993.78,6992.62,6992.99
2026-04-15 11:34:00,6992.98,6993.83,6992.70,6993.01
2026-04-15 11:35:00,6992.97,6993.96,6992.72,6993.73
2026-04-15 11:36:00,6993.54,6995.05,6992.58,6992.58
2026-04-15 11:37:00,6992.54,6995.45,6992.54,6994.57
2026-04-15 11:38:00,6994.78,6995.69,6994.78,6995.13
2026-04-15 11:39:00,6994.92,6995.06,6994.03,6994.97
2026-04-15 11:40:00,6995.00,6996.12,6995.00,6996.12
2026-04-15 11:41:00,6996.22,6998.40,6996.15,6998.34
2026-04-15 11:42:00,6998.34,6999.27,6997.92,6999.22
2026-04-15 11:43:00,6999.37,6999.46,6998.87,6999.19
2026-04-15 11:44:00,6999.02,6999.15,6998.42,6998.42
2026-04-15 11:45:00,6998.29,6999.35,6998.08,6998.99
2026-04-15 11:46:00,6999.10,6999.49,6998.27,6999.49
2026-04-15 11:47:00,6999.50,6999.50,6997.80,6998.02
2026-04-15 11:48:00,6998.11,6999.21,6997.42,6998.87
2026-04-15 11:49:00,6999.09,6999.33,6997.57,6998.29
2026-04-15 11:50:00,6998.29,6998.90,6996.99,6997.94
2026-04-15 11:51:00,6998.09,6998.39,6997.33,6997.95
2026-04-15 11:52:00,6997.98,6998.46,6997.22,6998.34
2026-04-15 11:53:00,6998.34,6998.40,6997.20,6997.20
2026-04-15 11:54:00,6997.24,6997.40,6996.00,6996.11
2026-04-15 11:55:00,6996.14,6996.37,6995.02,6995.02
2026-04-15 11:56:00,6995.06,6995.09,6992.77,6993.62
2026-04-15 11:57:00,6993.55,6994.39,6993.13,6994.19
2026-04-15 11:58:00,6994.22,6995.54,6994.16,6995.05
2026-04-15 11:59:00,6995.09,6996.08,6994.96,6994.96
2026-04-15 12:00:00,6993.58,6993.60,6992.22,6993.40
2026-04-15 12:01:00,6993.41,6994.16,6992.77,6993.94
2026-04-15 12:02:00,6993.95,6994.34,6993.35,6993.94
2026-04-15 12:03:00,6994.14,6994.78,6993.99,6994.77
2026-04-15 12:04:00,6994.68,6995.07,6994.44,6994.73
2026-04-15 12:05:00,6994.68,6994.89,6993.24,6994.28
2026-04-15 12:06:00,6994.37,6996.02,6994.36,6995.59
2026-04-15 12:07:00,6995.57,6996.80,6995.52,6996.72
2026-04-15 12:08:00,6996.62,6998.12,6996.60,6997.72
2026-04-15 12:09:00,6997.71,6998.26,6996.76,6998.15
2026-04-15 12:10:00,6998.12,6998.12,6996.35,6996.90
2026-04-15 12:11:00,6996.77,6997.55,6996.50,6997.46
2026-04-15 12:12:00,6997.48,6997.95,6996.27,6997.05
2026-04-15 12:13:00,6997.03,6998.21,6996.97,6998.12
2026-04-15 12:14:00,6998.09,6998.15,6997.24,6997.91
2026-04-15 12:15:00,6997.85,6998.34,6997.08,6997.21
2026-04-15 12:16:00,6997.19,6998.06,6996.32,6997.68
2026-04-15 12:17:00,6997.70,6998.96,6997.25,6998.16
2026-04-15 12:18:00,6998.13,6999.74,6997.95,6999.74
2026-04-15 12:19:00,6999.70,6999.76,6998.96,6999.71
2026-04-15 12:20:00,6999.67,7001.47,6999.67,7001.46
2026-04-15 12:21:00,7001.32,7001.76,7000.79,7001.46
2026-04-15 12:22:00,7001.45,7001.57,7000.63,7001.18
2026-04-15 12:23:00,7001.11,7001.91,7000.97,7001.80
2026-04-15 12:24:00,7001.72,7001.92,7001.10,7001.52
2026-04-15 12:25:00,7001.47,7001.47,6998.71,6998.92
2026-04-15 12:26:00,6998.84,7000.06,6998.63,6999.80
2026-04-15 12:27:00,6999.75,7000.42,6999.68,7000.10
2026-04-15 12:28:00,7000.06,7000.33,6998.84,6998.98
2026-04-15 12:29:00,6998.89,6999.13,6997.31,6997.31
2026-04-15 12:30:00,6997.33,6997.67,6994.86,6995.38
2026-04-15 12:31:00,6995.34,6997.50,6994.57,6996.70
2026-04-15 12:32:00,6996.68,6996.94,6995.12,6995.25
2026-04-15 12:33:00,6995.20,6996.29,6994.52,6995.86
2026-04-15 12:34:00,6995.99,6996.63,6995.21,6996.12
2026-04-15 12:35:00,6996.03,6998.04,6996.03,6997.79
2026-04-15 12:36:00,6997.65,6998.05,6996.65,6997.01
2026-04-15 12:37:00,6997.11,6998.70,6996.89,6998.38
2026-04-15 12:38:00,6998.32,6998.73,6997.61,6997.76
2026-04-15 12:39:00,6998.02,6998.02,6995.71,6995.76
2026-04-15 12:40:00,6995.47,6995.52,6991.37,6991.37
2026-04-15 12:41:00,6991.24,6991.44,6986.98,6986.98
2026-04-15 12:42:00,6986.95,6989.97,6986.95,6988.58
2026-04-15 12:43:00,6988.54,6989.75,6988.54,6989.27
2026-04-15 12:44:00,6989.13,6989.71,6986.57,6986.58
2026-04-15 12:45:00,6986.70,6987.75,6986.38,6987.07
2026-04-15 12:46:00,6987.17,6987.58,6986.17,6986.17
2026-04-15 12:47:00,6986.09,6986.40,6983.81,6984.51
2026-04-15 12:48:00,6984.79,6986.63,6983.33,6986.27
2026-04-15 12:49:00,6986.28,6989.94,6986.24,6989.94
2026-04-15 12:50:00,6990.17,6991.43,6990.16,6991.36
2026-04-15 12:51:00,6991.38,6991.38,6986.87,6987.22
2026-04-15 12:52:00,6987.29,6987.29,6984.63,6985.19
2026-04-15 12:53:00,6985.33,6985.39,6983.26,6984.95
2026-04-15 12:54:00,6985.11,6986.49,6984.42,6984.42
2026-04-15 12:55:00,6984.56,6985.09,6982.72,6983.89
2026-04-15 12:56:00,6984.08,6984.16,6979.96,6983.25
2026-04-15 12:57:00,6983.27,6986.58,6983.27,6986.58
2026-04-15 12:58:00,6986.70,6988.20,6986.70,6987.98
2026-04-15 12:59:00,6987.93,6989.25,6987.58,6988.83
2026-04-15 13:00:00,6988.86,6990.81,6987.75,6990.81
2026-04-15 13:01:00,6990.74,6990.94,6989.24,6989.52
2026-04-15 13:02:00,6989.51,6989.94,6988.94,6989.33
2026-04-15 13:03:00,6989.49,6992.42,6989.23,6992.24
2026-04-15 13:04:00,6992.23,6993.72,6992.23,6993.51
2026-04-15 13:05:00,6993.69,6995.14,6993.28,6994.57
2026-04-15 13:06:00,6994.74,6996.64,6994.74,6996.59
2026-04-15 13:07:00,6996.56,6997.86,6996.15,6996.82
2026-04-15 13:08:00,6996.96,6997.03,6994.86,6995.04
2026-04-15 13:09:00,6995.54,6996.04,6994.68,6995.52
2026-04-15 13:10:00,6995.68,6996.47,6995.62,6995.91
2026-04-15 13:11:00,6995.86,6996.20,6994.51,6996.20
2026-04-15 13:12:00,6996.07,6996.15,6994.11,6994.51
2026-04-15 13:13:00,6994.59,6995.55,6994.35,6995.55
2026-04-15 13:14:00,6995.64,6996.30,6995.37,6995.37
2026-04-15 13:15:00,6995.33,6996.89,6995.14,6996.75
2026-04-15 13:16:00,6996.70,6998.15,6996.70,6998.11
2026-04-15 13:17:00,6998.02,6998.02,6996.98,6997.45
2026-04-15 13:18:00,6997.47,6998.25,6997.32,6997.46
2026-04-15 13:19:00,6997.28,6997.44,6996.70,6996.81
2026-04-15 13:20:00,6996.79,6997.22,6996.46,6996.69
2026-04-15 13:21:00,6996.40,6996.41,6995.32,6996.07
2026-04-15 13:22:00,6996.05,6996.19,6994.78,6995.00
2026-04-15 13:23:00,6995.00,6995.49,6994.58,6994.90
2026-04-15 13:24:00,6994.92,6996.62,6994.92,6996.53
2026-04-15 13:25:00,6996.49,6997.48,6996.34,6997.48
2026-04-15 13:26:00,6997.51,6998.95,6996.80,6998.91
2026-04-15 13:27:00,6998.82,6999.52,6998.36,6998.37
2026-04-15 13:28:00,6998.34,6998.73,6997.51,6998.73
2026-04-15 13:29:00,6998.69,6998.69,6997.92,6998.16
2026-04-15 13:30:00,6997.91,6998.83,6997.80,6998.35
2026-04-15 13:31:00,6998.38,6998.60,6997.67,6998.39
2026-04-15 13:32:00,6998.27,6999.82,6998.27,6999.72
2026-04-15 13:33:00,6999.81,7000.59,6999.78,7000.22
2026-04-15 13:34:00,7000.21,7001.67,7000.21,7001.55
2026-04-15 13:35:00,7001.52,7002.01,7001.17,7001.96
2026-04-15 13:36:00,7002.01,7003.82,7001.76,7003.82
2026-04-15 13:37:00,7003.71,7003.71,7001.56,7001.75
2026-04-15 13:38:00,7001.58,7001.83,7000.77,7001.76
2026-04-15 13:39:00,7001.79,7001.79,7000.13,7000.32
2026-04-15 13:40:00,7000.33,7000.33,6998.64,6998.71
2026-04-15 13:41:00,6998.76,6998.91,6997.78,6997.91
2026-04-15 13:42:00,6998.05,6998.10,6997.00,6997.52
2026-04-15 13:43:00,6997.53,6997.68,6996.62,6997.34
2026-04-15 13:44:00,6997.32,6997.93,6997.30,6997.89
2026-04-15 13:45:00,6997.91,6999.85,6997.91,6999.82
2026-04-15 13:46:00,6999.68,6999.99,6999.29,6999.68
2026-04-15 13:47:00,6999.69,7000.66,6999.13,6999.34
2026-04-15 13:48:00,6999.41,7000.21,6998.93,6999.67
2026-04-15 13:49:00,6999.64,7000.13,6999.36,6999.57
2026-04-15 13:50:00,6999.51,7000.10,6999.36,6999.92
2026-04-15 13:51:00,6999.74,7000.67,6999.74,7000.61
2026-04-15 13:52:00,7000.64,7001.63,7000.56,7001.23
2026-04-15 13:53:00,7001.09,7002.23,7001.02,7002.23
2026-04-15 13:54:00,7002.26,7002.41,7001.19,7001.19
2026-04-15 13:55:00,7001.25,7001.88,7001.12,7001.67
2026-04-15 13:56:00,7001.67,7002.06,7001.49,7001.65
2026-04-15 13:57:00,7001.66,7001.90,7000.07,7000.14
2026-04-15 13:58:00,7000.20,7000.20,6998.43,6998.90
2026-04-15 13:59:00,6998.84,6998.92,6997.88,6998.22
2026-04-15 14:00:00,6998.24,6998.24,6995.72,6996.09
2026-04-15 14:01:00,6996.19,7001.00,6995.97,6998.40
2026-04-15 14:02:00,6998.25,7008.45,6998.25,7003.42
2026-04-15 14:03:00,7003.58,7003.93,7001.56,7003.87
2026-04-15 14:04:00,7003.94,7004.22,7003.04,7003.43
2026-04-15 14:05:00,7003.38,7004.67,7003.10,7003.73
2026-04-15 14:06:00,7003.69,7005.93,7003.69,7005.51
2026-04-15 14:07:00,7005.26,7005.26,7004.25,7004.83
2026-04-15 14:08:00,7004.83,7005.69,7004.62,7004.79
2026-04-15 14:09:00,7004.73,7004.87,7003.77,7004.87
2026-04-15 14:10:00,7004.94,7004.96,7002.92,7003.14
2026-04-15 14:11:00,7003.18,7005.17,7003.13,7005.17
2026-04-15 14:12:00,7005.15,7006.54,7005.15,7006.45
2026-04-15 14:13:00,7006.49,7008.13,7006.49,7008.13
2026-04-15 14:14:00,7008.14,7008.32,7007.25,7007.38
2026-04-15 14:15:00,7007.34,7008.74,7007.34,7008.74
2026-04-15 14:16:00,7008.61,7009.86,7008.38,7009.70
2026-04-15 14:17:00,7009.68,7009.81,7008.38,7008.41
2026-04-15 14:18:00,7008.45,7008.54,7007.10,7007.26
2026-04-15 14:19:00,7007.19,7007.64,7006.63,7007.45
2026-04-15 14:20:00,7007.39,7007.65,7005.59,7005.96
2026-04-15 14:21:00,7005.93,7006.96,7005.37,7006.84
2026-04-15 14:22:00,7006.92,7007.61,7006.84,7007.36
2026-04-15 14:23:00,7007.32,7008.10,7007.18,7008.10
2026-04-15 14:24:00,7008.09,7008.81,7007.99,7008.64
2026-04-15 14:25:00,7008.62,7008.81,7006.88,7007.01
2026-04-15 14:26:00,7007.08,7008.05,7007.08,7008.05
2026-04-15 14:27:00,7008.05,7009.27,7008.05,7009.17
2026-04-15 14:28:00,7009.15,7009.50,7008.55,7008.81
2026-04-15 14:29:00,7008.83,7008.83,7008.13,7008.51
2026-04-15 14:30:00,7008.51,7009.80,7008.51,7009.48
2026-04-15 14:31:00,7009.42,7010.94,7009.39,7010.92
2026-04-15 14:32:00,7010.92,7011.06,7009.89,7010.54
2026-04-15 14:33:00,7010.58,7012.72,7010.20,7012.48
2026-04-15 14:34:00,7012.57,7013.81,7012.55,7013.77
2026-04-15 14:35:00,7013.89,7015.20,7013.76,7014.67
2026-04-15 14:36:00,7014.56,7015.51,7014.56,7015.01
2026-04-15 14:37:00,7014.99,7015.30,7013.16,7013.22
2026-04-15 14:38:00,7013.22,7013.22,7012.39,7012.68
2026-04-15 14:39:00,7012.71,7013.44,7011.70,7013.39
2026-04-15 14:40:00,7013.46,7013.66,7010.68,7010.76
2026-04-15 14:41:00,7010.96,7011.73,7010.26,7010.35
2026-04-15 14:42:00,7010.22,7010.59,7009.88,7010.08
2026-04-15 14:43:00,7010.12,7012.10,7010.12,7012.08
2026-04-15 14:44:00,7012.12,7012.70,7012.01,7012.43
2026-04-15 14:45:00,7012.45,7014.23,7012.45,7014.23
2026-04-15 14:46:00,7014.25,7014.36,7013.22,7013.83
2026-04-15 14:47:00,7013.81,7014.87,7013.81,7014.87
2026-04-15 14:48:00,7014.91,7015.49,7014.52,7015.19
2026-04-15 14:49:00,7015.16,7016.27,7015.10,7016.27
2026-04-15 14:50:00,7016.26,7018.34,7016.26,7017.66
2026-04-15 14:51:00,7017.65,7019.10,7017.62,7019.00
2026-04-15 14:52:00,7019.00,7019.09,7017.62,7018.38
2026-04-15 14:53:00,7018.38,7018.39,7017.46,7018.00
2026-04-15 14:54:00,7017.94,7019.03,7017.94,7018.85
2026-04-15 14:55:00,7018.84,7019.09,7018.07,7019.04
2026-04-15 14:56:00,7019.08,7020.36,7019.08,7020.14
2026-04-15 14:57:00,7019.99,7021.66,7019.97,7020.56
2026-04-15 14:58:00,7020.56,7021.40,7020.44,7020.97
2026-04-15 14:59:00,7021.04,7021.24,7020.37,7020.39
2026-04-15 15:00:00,7020.24,7020.61,7019.13,7019.35
2026-04-15 15:01:00,7019.33,7019.68,7017.82,7017.82
2026-04-15 15:02:00,7017.77,7019.87,7017.58,7019.82
2026-04-15 15:03:00,7019.95,7020.88,7019.75,7020.32
2026-04-15 15:04:00,7020.32,7020.94,7019.78,7020.91
2026-04-15 15:05:00,7020.91,7022.65,7020.91,7021.98
2026-04-15 15:06:00,7022.09,7022.50,7021.84,7022.49
2026-04-15 15:07:00,7022.66,7022.97,7022.33,7022.68
2026-04-15 15:08:00,7022.65,7022.95,7021.49,7022.25
2026-04-15 15:09:00,7022.32,7022.76,7021.80,7022.36
2026-04-15 15:10:00,7022.35,7023.07,7022.26,7022.93
2026-04-15 15:11:00,7022.89,7023.36,7020.86,7021.14
2026-04-15 15:12:00,7021.31,7022.03,7020.93,7021.79
2026-04-15 15:13:00,7021.70,7021.94,7020.95,7020.96
2026-04-15 15:14:00,7020.87,7020.87,7018.18,7018.69
2026-04-15 15:15:00,7018.46,7019.48,7018.46,7019.14
2026-04-15 15:16:00,7019.10,7019.16,7018.19,7018.54
2026-04-15 15:17:00,7018.72,7018.76,7017.67,7018.45
2026-04-15 15:18:00,7018.47,7020.03,7018.47,7019.62
2026-04-15 15:19:00,7019.67,7019.99,7018.91,7019.99
2026-04-15 15:20:00,7020.05,7020.15,7019.37,7019.96
2026-04-15 15:21:00,7020.17,7020.22,7019.40,7019.40
2026-04-15 15:22:00,7019.44,7021.33,7019.44,7021.29
2026-04-15 15:23:00,7021.29,7022.60,7021.10,7022.11
2026-04-15 15:24:00,7022.20,7022.88,7021.94,7021.94
2026-04-15 15:25:00,7021.96,7023.84,7021.96,7023.74
2026-04-15 15:26:00,7023.51,7023.59,7022.05,7022.17
2026-04-15 15:27:00,7022.22,7023.06,7021.11,7023.03
2026-04-15 15:28:00,7023.03,7023.93,7022.90,7023.58
2026-04-15 15:29:00,7023.59,7024.29,7023.54,7024.21
2026-04-15 15:30:00,7024.14,7024.14,7022.50,7023.31
2026-04-15 15:31:00,7023.29,7023.29,7022.04,7022.14
2026-04-15 15:32:00,7022.09,7022.84,7021.74,7022.54
2026-04-15 15:33:00,7022.52,7022.81,7021.65,7022.32
2026-04-15 15:34:00,7022.30,7023.89,7022.19,7023.81
2026-04-15 15:35:00,7023.87,7025.10,7023.73,7024.09
2026-04-15 15:36:00,7024.13,7024.19,7023.01,7023.70
2026-04-15 15:37:00,7023.64,7023.64,7022.22,7022.40
2026-04-15 15:38:00,7022.35,7022.42,7020.37,7020.83
2026-04-15 15:39:00,7020.80,7020.80,7019.32,7019.37
2026-04-15 15:40:00,7019.30,7019.30,7016.49,7017.28
2026-04-15 15:41:00,7017.47,7018.30,7017.34,7017.45
2026-04-15 15:42:00,7017.32,7018.24,7016.69,7018.17
2026-04-15 15:43:00,7018.41,7020.40,7018.41,7019.65
2026-04-15 15:44:00,7019.74,7020.37,7018.70,7018.79
2026-04-15 15:45:00,7018.84,7018.84,7017.11,7017.34
2026-04-15 15:46:00,7017.28,7020.57,7017.28,7020.37
2026-04-15 15:47:00,7020.41,7021.23,7019.85,7020.94
2026-04-15 15:48:00,7020.89,7021.47,7020.82,7021.34
2026-04-15 15:49:00,7021.34,7021.34,7018.77,7019.02
2026-04-15 15:50:00,7019.00,7024.29,7019.00,7022.75
2026-04-15 15:51:00,7022.74,7023.82,7022.43,7023.21
2026-04-15 15:52:00,7023.27,7023.31,7020.80,7021.01
2026-04-15 15:53:00,7021.05,7021.44,7018.71,7019.50
2026-04-15 15:54:00,7019.55,7022.70,7019.55,7022.52
2026-04-15 15:55:00,7022.44,7026.04,7022.44,7025.49
2026-04-15 15:56:00,7025.48,7025.60,7023.85,7023.90
2026-04-15 15:57:00,7023.83,7025.30,7022.92,7025.30
2026-04-15 15:58:00,7025.31,7025.71,7024.49,7024.70
2026-04-15 15:59:00,7024.70,7026.24,7022.10,7022.10
2026-04-15 16:00:00,7022.57,7022.90,7022.57,7022.90
2026-04-15 16:01:00,7022.90,7022.95,7022.90,7022.95
2026-04-15 16:02:00,7022.95,7022.96,7022.95,7022.95
2026-04-15 16:03:00,7022.95,7022.96,7022.95,7022.96
2026-04-15 16:04:00,7022.96,7022.96,7022.95,7022.95
2026-04-15 16:05:00,7022.95,7022.95,7022.95,7022.95
2026-04-15 16:06:00,7022.95,7022.95,7022.95,7022.95
2026-04-15 16:07:00,7022.95,7022.95,7022.95,7022.95
2026-04-15 16:08:00,7022.95,7022.95,7022.95,7022.95
2026-04-15 16:09:00,7022.95,7022.95,7022.95,7022.95
2026-04-15 16:10:00,7022.95,7022.95,7022.95,7022.95
2026-04-15 16:11:00,7022.95,7022.95,7022.95,7022.95
2026-04-15 16:12:00,7022.95,7022.95,7022.95,7022.95
2026-04-15 16:13:00,7022.95,7022.95,7022.95,7022.95
2026-04-15 16:14:00,7022.95,7022.95,7022.95,7022.95
2026-04-15 16:15:00,7022.95,7022.95,7022.95,7022.95
2026-04-15 16:16:00,7022.95,7022.95,7022.95,7022.95
2026-04-15 16:17:00,7022.95,7022.95,7022.95,7022.95
2026-04-15 16:18:00,7022.95,7022.95,7022.95,7022.95
2026-04-15 16:19:00,7022.95,7022.95,7022.95,7022.95
2026-04-15 16:20:00,7022.95,7022.95,7022.95,7022.95
2026-04-15 16:41:00,7022.95,7022.95,7022.95,7022.95
2026-04-16 09:30:00,7037.78,7040.03,7031.77,7032.43
2026-04-16 09:31:00,7032.50,7033.50,7029.84,7031.95
2026-04-16 09:32:00,7031.44,7034.80,7031.44,7033.87
2026-04-16 09:33:00,7033.88,7035.99,7032.84,7033.37
2026-04-16 09:34:00,7033.25,7035.44,7033.16,7035.37
2026-04-16 09:35:00,7035.54,7036.08,7033.88,7034.58
2026-04-16 09:36:00,7033.70,7034.11,7032.07,7032.41
2026-04-16 09:37:00,7032.29,7033.85,7031.14,7033.75
2026-04-16 09:38:00,7033.60,7036.36,7032.13,7032.52
2026-04-16 09:39:00,7032.27,7032.63,7029.55,7029.85
2026-04-16 09:40:00,7030.11,7033.92,7029.75,7033.82
2026-04-16 09:41:00,7033.73,7034.71,7025.28,7026.22
2026-04-16 09:42:00,7026.29,7027.99,7025.68,7027.99
2026-04-16 09:43:00,7027.28,7030.00,7026.54,7030.00
2026-04-16 09:44:00,7030.41,7033.23,7030.05,7032.94
2026-04-16 09:45:00,7033.00,7033.00,7028.91,7031.28
2026-04-16 09:46:00,7031.58,7033.18,7030.72,7031.55
2026-04-16 09:47:00,7031.65,7031.79,7029.01,7029.79
2026-04-16 09:48:00,7029.78,7029.83,7028.18,7029.15
2026-04-16 09:49:00,7028.91,7030.39,7027.85,7030.19
2026-04-16 09:50:00,7030.23,7030.23,7027.32,7027.79
2026-04-16 09:51:00,7027.66,7027.93,7022.93,7023.13
2026-04-16 09:52:00,7023.57,7023.88,7018.60,7018.74
2026-04-16 09:53:00,7018.48,7019.50,7013.95,7014.18
2026-04-16 09:54:00,7014.06,7015.48,7010.05,7010.05
2026-04-16 09:55:00,7010.18,7012.23,7008.52,7012.23
2026-04-16 09:56:00,7012.90,7016.93,7012.90,7015.90
2026-04-16 09:57:00,7015.83,7015.91,7011.56,7012.77
2026-04-16 09:58:00,7012.74,7014.85,7012.29,7014.85
2026-04-16 09:59:00,7014.97,7018.56,7014.81,7018.56
2026-04-16 10:00:00,7017.16,7018.79,7013.59,7014.53
2026-04-16 10:01:00,7014.39,7014.39,7010.30,7013.54
2026-04-16 10:02:00,7013.50,7016.18,7013.50,7014.70
2026-04-16 10:03:00,7015.19,7017.36,7015.08,7016.53
2026-04-16 10:04:00,7016.78,7018.43,7015.74,7017.94
2026-04-16 10:05:00,7018.04,7018.90,7016.27,7018.90
2026-04-16 10:06:00,7019.14,7020.96,7017.50,7020.51
2026-04-16 10:07:00,7020.08,7021.52,7019.15,7021.42
2026-04-16 10:08:00,7021.38,7022.59,7020.52,7022.22
2026-04-16 10:09:00,7022.39,7022.39,7019.62,7020.33
2026-04-16 10:10:00,7020.31,7022.85,7020.31,7021.49
2026-04-16 10:11:00,7021.62,7022.48,7020.43,7020.71
2026-04-16 10:12:00,7020.66,7023.94,7020.00,7023.91
2026-04-16 10:13:00,7023.60,7025.66,7022.70,7022.70
2026-04-16 10:14:00,7022.76,7022.76,7020.27,7020.56
2026-04-16 10:15:00,7020.59,7022.48,7020.59,7021.53
2026-04-16 10:16:00,7021.72,7022.35,7018.28,7018.28
2026-04-16 10:17:00,7018.42,7018.42,7015.50,7016.19
2026-04-16 10:18:00,7015.67,7017.28,7013.29,7016.50
2026-04-16 10:19:00,7016.50,7016.50,7012.81,7013.23
2026-04-16 10:20:00,7013.40,7013.85,7011.22,7011.67
2026-04-16 10:21:00,7011.90,7015.30,7011.90,7014.57
2026-04-16 10:22:00,7014.59,7014.78,7012.62,7012.62
2026-04-16 10:23:00,7012.77,7012.77,7010.52,7012.75
2026-04-16 10:24:00,7012.70,7014.43,7012.02,7014.15
2026-04-16 10:25:00,7014.01,7014.01,7012.57,7012.99
2026-04-16 10:26:00,7012.96,7016.16,7012.28,7013.17
2026-04-16 10:27:00,7013.38,7015.53,7013.10,7013.94
2026-04-16 10:28:00,7013.84,7016.81,7013.84,7016.66
2026-04-16 10:29:00,7016.81,7017.08,7015.26,7015.55
2026-04-16 10:30:00,7015.49,7017.10,7014.76,7017.10
2026-04-16 10:31:00,7017.21,7017.93,7015.72,7016.04
2026-04-16 10:32:00,7015.79,7015.81,7013.71,7013.84
2026-04-16 10:33:00,7013.84,7016.31,7013.84,7016.31
2026-04-16 10:34:00,7016.26,7017.58,7015.92,7017.51
2026-04-16 10:35:00,7017.49,7017.74,7014.80,7015.21
2026-04-16 10:36:00,7015.30,7016.52,7014.79,7016.52
2026-04-16 10:37:00,7016.58,7017.66,7015.89,7017.24
2026-04-16 10:38:00,7017.44,7017.44,7014.48,7015.10
2026-04-16 10:39:00,7015.43,7015.92,7014.46,7014.62
2026-04-16 10:40:00,7014.57,7014.78,7012.84,7013.66
2026-04-16 10:41:00,7013.61,7014.88,7013.55,7013.90
2026-04-16 10:42:00,7013.87,7015.41,7013.38,7014.80
2026-04-16 10:43:00,7014.74,7017.61,7014.74,7017.14
2026-04-16 10:44:00,7016.87,7019.07,7016.87,7019.07
2026-04-16 10:45:00,7018.96,7021.28,7018.10,7021.28
2026-04-16 10:46:00,7021.90,7022.07,7020.56,7021.01
2026-04-16 10:47:00,7020.92,7022.23,7019.62,7022.17
2026-04-16 10:48:00,7022.22,7022.92,7021.48,7022.43
2026-04-16 10:49:00,7022.47,7023.28,7022.22,7023.13
2026-04-16 10:50:00,7023.25,7024.27,7022.41,7023.76
2026-04-16 10:51:00,7023.64,7025.84,7023.64,7025.61
2026-04-16 10:52:00,7025.41,7025.55,7022.22,7022.34
2026-04-16 10:53:00,7022.36,7023.92,7022.28,7023.68
2026-04-16 10:54:00,7023.58,7024.93,7022.87,7024.85
2026-04-16 10:55:00,7024.80,7025.26,7022.45,7022.45
2026-04-16 10:56:00,7022.32,7023.34,7020.22,7023.34
2026-04-16 10:57:00,7023.36,7024.28,7022.16,7022.64
2026-04-16 10:58:00,7022.76,7023.47,7021.89,7023.47
2026-04-16 10:59:00,7023.55,7024.44,7023.55,7024.02
2026-04-16 11:00:00,7023.94,7026.45,7023.94,7026.33
2026-04-16 11:01:00,7026.23,7026.62,7025.47,7025.47
2026-04-16 11:02:00,7025.45,7027.29,7025.22,7027.29
2026-04-16 11:03:00,7027.45,7029.37,7027.45,7028.97
2026-04-16 11:04:00,7028.95,7029.86,7028.95,7029.21
2026-04-16 11:05:00,7029.10,7029.99,7027.25,7029.86
2026-04-16 11:06:00,7029.92,7031.07,7029.28,7029.57
2026-04-16 11:07:00,7029.53,7030.73,7028.50,7030.46
2026-04-16 11:08:00,7030.36,7032.54,7030.27,7032.54
2026-04-16 11:09:00,7032.57,7035.13,7032.57,7034.26
2026-04-16 11:10:00,7034.22,7037.88,7034.22,7037.02
2026-04-16 11:11:00,7036.90,7038.54,7036.58,7037.50
2026-04-16 11:12:00,7037.59,7037.59,7036.13,7037.01
2026-04-16 11:13:00,7037.01,7037.15,7036.22,7036.42
2026-04-16 11:14:00,7036.44,7038.56,7036.44,7038.19
2026-04-16 11:15:00,7038.20,7043.66,7038.20,7041.48
2026-04-16 11:16:00,7041.50,7042.22,7040.99,7041.53
2026-04-16 11:17:00,7041.74,7042.30,7040.50,7041.96
2026-04-16 11:18:00,7041.83,7042.19,7041.42,7041.86
2026-04-16 11:19:00,7041.03,7041.35,7037.57,7037.75
2026-04-16 11:20:00,7037.82,7039.92,7037.82,7039.92
2026-04-16 11:21:00,7039.90,7040.51,7039.01,7040.51
2026-04-16 11:22:00,7040.52,7042.06,7040.16,7041.95
2026-04-16 11:23:00,7041.79,7042.14,7040.17,7040.29
2026-04-16 11:24:00,7040.33,7041.08,7040.01,7040.45
2026-04-16 11:25:00,7040.47,7041.50,7040.33,7041.40
2026-04-16 11:26:00,7040.69,7041.41,7040.46,7041.41
2026-04-16 11:27:00,7041.49,7041.49,7039.97,7041.08
2026-04-16 11:28:00,7041.10,7041.39,7038.95,7039.44
2026-04-16 11:29:00,7039.35,7039.35,7032.92,7033.21
2026-04-16 11:30:00,7032.10,7034.53,7031.02,7034.53
2026-04-16 11:31:00,7034.61,7035.18,7034.05,7034.33
2026-04-16 11:32:00,7034.16,7034.51,7032.84,7033.43
2026-04-16 11:33:00,7033.61,7033.99,7033.26,7033.63
2026-04-16 11:34:00,7033.57,7035.14,7033.12,7034.95
2026-04-16 11:35:00,7035.01,7037.81,7035.01,7035.68
2026-04-16 11:36:00,7035.79,7042.36,7035.01,7040.61
2026-04-16 11:37:00,7040.47,7046.70,7040.39,7044.63
2026-04-16 11:38:00,7044.54,7044.54,7041.34,7042.86
2026-04-16 11:39:00,7042.82,7042.83,7040.36,7041.21
2026-04-16 11:40:00,7041.17,7041.40,7037.90,7039.30
2026-04-16 11:41:00,7039.69,7040.32,7038.17,7038.76
2026-04-16 11:42:00,7038.80,7039.10,7034.25,7036.52
2026-04-16 11:43:00,7036.48,7038.09,7036.48,7037.67
2026-04-16 11:44:00,7037.50,7037.78,7036.79,7037.66
2026-04-16 11:45:00,7037.67,7039.09,7037.15,7039.01
2026-04-16 11:46:00,7039.10,7039.39,7036.21,7037.15
2026-04-16 11:47:00,7037.00,7037.85,7036.50,7037.85
2026-04-16 11:48:00,7037.81,7038.13,7035.98,7036.32
2026-04-16 11:49:00,7036.30,7036.30,7034.29,7035.59
2026-04-16 11:50:00,7035.72,7038.38,7035.58,7038.38
2026-04-16 11:51:00,7038.51,7041.85,7038.48,7041.23
2026-04-16 11:52:00,7041.00,7041.43,7040.46,7041.23
2026-04-16 11:53:00,7041.10,7041.47,7040.40,7041.09
2026-04-16 11:54:00,7041.19,7041.38,7040.26,7040.79
2026-04-16 11:55:00,7041.05,7043.78,7041.00,7043.67
2026-04-16 11:56:00,7043.77,7045.26,7043.72,7045.26
2026-04-16 11:57:00,7044.86,7045.78,7043.80,7045.78
2026-04-16 11:58:00,7045.81,7046.86,7045.32,7046.60
2026-04-16 11:59:00,7046.45,7046.73,7046.03,7046.60
2026-04-16 12:00:00,7046.58,7048.79,7046.58,7048.53
2026-04-16 12:01:00,7048.60,7048.73,7047.02,7047.27
2026-04-16 12:02:00,7047.21,7047.28,7046.09,7046.99
2026-04-16 12:03:00,7046.95,7048.79,7046.95,7048.46
2026-04-16 12:04:00,7048.46,7048.64,7047.60,7048.32
2026-04-16 12:05:00,7048.35,7048.35,7047.01,7047.20
2026-04-16 12:06:00,7047.16,7047.27,7045.09,7045.72
2026-04-16 12:07:00,7046.08,7047.27,7045.80,7047.17
2026-04-16 12:08:00,7047.18,7048.87,7047.18,7048.29
2026-04-16 12:09:00,7048.28,7048.28,7046.53,7046.98
2026-04-16 12:10:00,7047.00,7047.72,7046.95,7047.62
2026-04-16 12:11:00,7047.58,7048.85,7046.70,7048.77
2026-04-16 12:12:00,7048.73,7049.14,7047.83,7048.14
2026-04-16 12:13:00,7048.18,7048.21,7047.24,7047.92
2026-04-16 12:14:00,7047.96,7048.58,7047.90,7048.58
2026-04-16 12:15:00,7048.57,7050.09,7048.55,7049.87
2026-04-16 12:16:00,7049.89,7050.07,7049.17,7049.79
2026-04-16 12:17:00,7049.87,7049.99,7048.90,7049.93
2026-04-16 12:18:00,7049.94,7050.69,7049.94,7050.47
2026-04-16 12:19:00,7050.38,7051.23,7050.37,7050.81
2026-04-16 12:20:00,7050.77,7051.05,7049.05,7049.05
2026-04-16 12:21:00,7049.01,7049.01,7046.95,7047.76
2026-04-16 12:22:00,7047.78,7048.07,7046.32,7047.04
2026-04-16 12:23:00,7046.93,7046.93,7043.79,7043.95
2026-04-16 12:24:00,7043.93,7045.64,7043.88,7045.58
2026-04-16 12:25:00,7045.50,7046.05,7044.96,7045.19
2026-04-16 12:26:00,7045.23,7046.19,7045.17,7045.40
2026-04-16 12:27:00,7045.42,7046.30,7045.42,7045.68
2026-04-16 12:28:00,7045.63,7046.64,7045.42,7045.48
2026-04-16 12:29:00,7045.23,7045.23,7043.38,7043.63
2026-04-16 12:30:00,7043.69,7044.15,7042.49,7042.59
2026-04-16 12:31:00,7042.55,7042.73,7040.03,7040.68
2026-04-16 12:32:00,7040.67,7040.94,7039.34,7040.06
2026-04-16 12:33:00,7039.97,7039.97,7026.51,7027.23
2026-04-16 12:34:00,7027.50,7033.70,7027.50,7033.29
2026-04-16 12:35:00,7033.42,7034.99,7032.34,7033.27
2026-04-16 12:36:00,7033.42,7037.21,7033.42,7036.17
2026-04-16 12:37:00,7036.46,7037.92,7036.15,7036.73
2026-04-16 12:38:00,7036.64,7039.70,7036.37,7039.37
2026-04-16 12:39:00,7039.38,7040.24,7039.13,7040.15
2026-04-16 12:40:00,7040.13,7041.80,7039.80,7040.73
2026-04-16 12:41:00,7040.89,7040.89,7037.38,7037.56
2026-04-16 12:42:00,7037.48,7037.67,7036.01,7037.67
2026-04-16 12:43:00,7037.57,7037.79,7035.37,7035.37
2026-04-16 12:44:00,7035.48,7037.75,7035.41,7037.51
2026-04-16 12:45:00,7037.58,7038.81,7037.37,7038.01
2026-04-16 12:46:00,7037.91,7040.16,7037.35,7039.32
2026-04-16 12:47:00,7039.45,7039.67,7038.83,7039.35
2026-04-16 12:48:00,7039.40,7039.99,7038.94,7039.10
2026-04-16 12:49:00,7039.13,7039.27,7037.69,7038.09
2026-04-16 12:50:00,7038.19,7039.67,7037.93,7039.27
2026-04-16 12:51:00,7039.30,7039.34,7038.56,7038.56
2026-04-16 12:52:00,7038.53,7038.53,7035.16,7035.16
2026-04-16 12:53:00,7035.20,7036.35,7033.24,7033.83
2026-04-16 12:54:00,7034.07,7034.55,7031.97,7032.42
2026-04-16 12:55:00,7032.47,7033.73,7032.47,7033.60
2026-04-16 12:56:00,7033.65,7034.85,7032.83,7034.77
2026-04-16 12:57:00,7034.68,7035.03,7034.09,7034.26
2026-04-16 12:58:00,7034.19,7034.19,7032.99,7033.05
2026-04-16 12:59:00,7033.13,7033.25,7031.05,7031.28
2026-04-16 13:00:00,7031.48,7032.05,7030.50,7031.33
2026-04-16 13:01:00,7031.27,7031.61,7030.32,7030.78
2026-04-16 13:02:00,7030.63,7030.63,7028.64,7029.18
2026-04-16 13:03:00,7029.27,7031.01,7029.10,7030.84
2026-04-16 13:04:00,7030.80,7031.01,7029.33,7029.54
2026-04-16 13:05:00,7029.64,7030.16,7026.78,7026.78
2026-04-16 13:06:00,7026.82,7026.96,7025.15,7025.92
2026-04-16 13:07:00,7025.92,7028.32,7025.77,7027.81
2026-04-16 13:08:00,7027.78,7028.59,7026.33,7026.33
2026-04-16 13:09:00,7026.33,7029.72,7026.33,7029.58
2026-04-16 13:10:00,7029.49,7030.94,7029.49,7030.81
2026-04-16 13:11:00,7030.84,7030.99,7029.58,7030.91
2026-04-16 13:12:00,7030.86,7030.89,7030.00,7030.86
2026-04-16 13:13:00,7030.88,7030.90,7028.40,7028.99
2026-04-16 13:14:00,7029.03,7029.03,7024.25,7024.28
2026-04-16 13:15:00,7024.25,7024.96,7022.58,7023.09
2026-04-16 13:16:00,7023.20,7024.69,7022.39,7024.53
2026-04-16 13:17:00,7024.91,7025.67,7023.87,7024.17
2026-04-16 13:18:00,7024.12,7025.35,7023.62,7024.64
2026-04-16 13:19:00,7024.66,7025.44,7024.66,7024.89
2026-04-16 13:20:00,7025.00,7025.99,7024.38,7025.16
2026-04-16 13:21:00,7025.10,7025.53,7023.95,7024.60
2026-04-16 13:22:00,7024.47,7024.52,7023.44,7023.68
2026-04-16 13:23:00,7023.77,7026.28,7023.66,7026.06
2026-04-16 13:24:00,7026.06,7030.85,7026.06,7030.77
2026-04-16 13:25:00,7030.75,7032.76,7030.75,7032.61
2026-04-16 13:26:00,7032.43,7032.45,7031.10,7031.10
2026-04-16 13:27:00,7031.03,7031.03,7029.67,7030.24
2026-04-16 13:28:00,7030.21,7030.66,7029.80,7030.42
2026-04-16 13:29:00,7030.41,7031.42,7030.35,7030.75
2026-04-16 13:30:00,7030.77,7031.96,7030.44,7030.64
2026-04-16 13:31:00,7030.64,7033.04,7030.64,7033.04
2026-04-16 13:32:00,7033.26,7034.89,7032.90,7033.20
2026-04-16 13:33:00,7033.25,7034.40,7033.02,7034.40
2026-04-16 13:34:00,7034.40,7034.40,7031.75,7031.75
2026-04-16 13:35:00,7031.83,7031.83,7029.93,7030.05
2026-04-16 13:36:00,7030.17,7031.06,7029.90,7030.53
2026-04-16 13:37:00,7030.54,7031.00,7029.74,7030.02
2026-04-16 13:38:00,7030.03,7031.26,7029.88,7031.22
2026-04-16 13:39:00,7031.29,7033.58,7031.29,7033.27
2026-04-16 13:40:00,7033.21,7035.80,7033.21,7035.79
2026-04-16 13:41:00,7035.71,7035.74,7034.97,7035.74
2026-04-16 13:42:00,7035.81,7037.25,7035.28,7037.10
2026-04-16 13:43:00,7037.11,7037.77,7036.41,7037.53
2026-04-16 13:44:00,7037.56,7038.29,7037.55,7037.75
2026-04-16 13:45:00,7037.72,7037.90,7035.98,7036.10
2026-04-16 13:46:00,7036.02,7036.91,7035.61,7036.91
2026-04-16 13:47:00,7036.93,7038.17,7036.86,7038.17
2026-04-16 13:48:00,7038.16,7038.64,7037.62,7037.62
2026-04-16 13:49:00,7037.58,7038.56,7037.24,7038.44
2026-04-16 13:50:00,7038.39,7038.39,7036.36,7037.13
2026-04-16 13:51:00,7037.05,7037.27,7036.49,7036.59
2026-04-16 13:52:00,7036.68,7036.68,7035.40,7036.45
2026-04-16 13:53:00,7036.40,7036.94,7036.23,7036.64
2026-04-16 13:54:00,7036.66,7036.66,7034.92,7035.12
2026-04-16 13:55:00,7035.15,7035.15,7030.10,7030.10
2026-04-16 13:56:00,7030.26,7030.61,7029.40,7030.06
2026-04-16 13:57:00,7030.01,7030.17,7028.09,7029.62
2026-04-16 13:58:00,7029.64,7029.76,7025.26,7026.93
2026-04-16 13:59:00,7026.90,7030.04,7026.90,7029.89
2026-04-16 14:00:00,7029.81,7032.05,7028.33,7031.44
2026-04-16 14:01:00,7031.42,7034.26,7031.06,7032.23
2026-04-16 14:02:00,7032.25,7033.94,7032.13,7033.19
2026-04-16 14:03:00,7033.36,7033.53,7030.80,7031.75
2026-04-16 14:04:00,7031.72,7031.94,7030.23,7030.23
2026-04-16 14:05:00,7030.22,7031.45,7029.30,7030.53
2026-04-16 14:06:00,7030.53,7031.69,7030.42,7030.42
2026-04-16 14:07:00,7030.37,7030.56,7027.20,7027.20
2026-04-16 14:08:00,7027.12,7027.53,7025.25,7027.23
2026-04-16 14:09:00,7027.09,7027.09,7023.24,7025.19
2026-04-16 14:10:00,7025.25,7027.09,7023.00,7023.33
2026-04-16 14:11:00,7023.47,7025.96,7023.28,7025.96
2026-04-16 14:12:00,7025.78,7028.08,7025.78,7027.86
2026-04-16 14:13:00,7028.00,7028.28,7026.72,7027.37
2026-04-16 14:14:00,7027.25,7029.29,7027.04,7028.67
2026-04-16 14:15:00,7028.71,7030.25,7028.44,7028.93
2026-04-16 14:16:00,7028.88,7028.88,7027.29,7028.34
2026-04-16 14:17:00,7028.25,7028.25,7026.85,7026.85
2026-04-16 14:18:00,7026.97,7028.09,7026.60,7027.91
2026-04-16 14:19:00,7027.83,7028.91,7027.37,7027.44
2026-04-16 14:20:00,7027.47,7029.49,7026.80,7029.49
2026-04-16 14:21:00,7029.50,7029.61,7027.31,7027.31
2026-04-16 14:22:00,7027.29,7027.54,7025.31,7025.35
2026-04-16 14:23:00,7025.37,7025.66,7023.38,7023.50
2026-04-16 14:24:00,7023.45,7023.45,7021.72,7021.95
2026-04-16 14:25:00,7022.22,7023.60,7022.22,7022.66
2026-04-16 14:26:00,7022.36,7022.36,7021.02,7021.64
2026-04-16 14:27:00,7021.68,7021.68,7019.19,7019.95
2026-04-16 14:28:00,7019.87,7019.87,7018.26,7019.55
2026-04-16 14:29:00,7019.54,7021.09,7019.18,7020.94
2026-04-16 14:30:00,7020.99,7023.41,7020.99,7022.99
2026-04-16 14:31:00,7022.85,7026.21,7022.12,7025.29
2026-04-16 14:32:00,7025.21,7027.00,7025.21,7026.86
2026-04-16 14:33:00,7026.81,7028.13,7026.05,7028.13
2026-04-16 14:34:00,7028.24,7029.29,7027.82,7028.21
2026-04-16 14:35:00,7028.24,7028.43,7027.42,7027.70
2026-04-16 14:36:00,7027.73,7029.04,7027.56,7028.82
2026-04-16 14:37:00,7028.86,7029.66,7028.75,7028.99
2026-04-16 14:38:00,7029.03,7029.63,7028.65,7029.50
2026-04-16 14:39:00,7029.50,7031.53,7029.24,7029.87
2026-04-16 14:40:00,7029.95,7031.35,7029.95,7031.33
2026-04-16 14:41:00,7031.31,7032.04,7030.79,7032.04
2026-04-16 14:42:00,7032.04,7032.59,7030.21,7030.54
2026-04-16 14:43:00,7030.44,7030.81,7029.83,7030.41
2026-04-16 14:44:00,7030.38,7031.52,7030.36,7031.52
2026-04-16 14:45:00,7031.50,7032.83,7031.40,7032.02
2026-04-16 14:46:00,7031.95,7033.28,7031.95,7033.14
2026-04-16 14:47:00,7033.04,7033.57,7032.20,7032.48
2026-04-16 14:48:00,7032.43,7032.47,7031.10,7031.14
2026-04-16 14:49:00,7031.16,7031.29,7030.58,7031.23
2026-04-16 14:50:00,7031.23,7031.23,7029.15,7030.10
2026-04-16 14:51:00,7030.13,7030.29,7028.89,7029.30
2026-04-16 14:52:00,7029.37,7031.11,7029.29,7030.13
2026-04-16 14:53:00,7030.46,7031.25,7030.31,7031.13
2026-04-16 14:54:00,7031.12,7031.12,7029.49,7029.58
2026-04-16 14:55:00,7029.60,7029.64,7028.31,7028.57
2026-04-16 14:56:00,7028.44,7029.23,7027.57,7028.83
2026-04-16 14:57:00,7028.94,7029.78,7028.51,7028.51
2026-04-16 14:58:00,7028.44,7029.28,7028.21,7028.53
2026-04-16 14:59:00,7028.56,7030.64,7028.36,7030.64
2026-04-16 15:00:00,7030.61,7033.63,7030.61,7033.05
2026-04-16 15:01:00,7032.98,7034.12,7032.76,7034.12
2026-04-16 15:02:00,7034.04,7035.11,7033.76,7034.11
2026-04-16 15:03:00,7034.11,7035.11,7033.83,7034.30
2026-04-16 15:04:00,7034.40,7034.52,7032.95,7033.61
2026-04-16 15:05:00,7033.64,7033.93,7032.94,7033.27
2026-04-16 15:06:00,7033.36,7034.22,7031.48,7031.48
2026-04-16 15:07:00,7031.32,7031.99,7030.70,7031.82
2026-04-16 15:08:00,7031.77,7032.94,7031.22,7032.89
2026-04-16 15:09:00,7032.86,7032.86,7031.73,7031.87
2026-04-16 15:10:00,7031.81,7032.71,7031.37,7032.29
2026-04-16 15:11:00,7032.39,7033.15,7031.47,7031.47
2026-04-16 15:12:00,7031.56,7031.63,7030.05,7030.83
2026-04-16 15:13:00,7030.97,7031.73,7029.99,7030.14
2026-04-16 15:14:00,7030.08,7031.21,7029.86,7031.21
2026-04-16 15:15:00,7031.26,7033.62,7031.26,7033.56
2026-04-16 15:16:00,7033.49,7033.50,7032.68,7033.13
2026-04-16 15:17:00,7033.08,7033.61,7032.73,7033.05
2026-04-16 15:18:00,7033.04,7033.73,7032.31,7033.73
2026-04-16 15:19:00,7033.85,7035.32,7033.80,7034.28
2026-04-16 15:20:00,7034.33,7034.64,7033.76,7034.31
2026-04-16 15:21:00,7034.27,7034.94,7033.64,7034.35
2026-04-16 15:22:00,7034.12,7034.32,7033.44,7033.69
2026-04-16 15:23:00,7033.73,7033.97,7032.55,7032.68
2026-04-16 15:24:00,7032.79,7033.89,7032.68,7033.89
2026-04-16 15:25:00,7033.87,7034.54,7033.69,7034.01
2026-04-16 15:26:00,7033.86,7034.24,7033.45,7034.01
2026-04-16 15:27:00,7034.06,7034.26,7033.73,7033.76
2026-04-16 15:28:00,7033.78,7034.58,7033.32,7034.05
2026-04-16 15:29:00,7034.12,7034.12,7032.70,7032.74
2026-04-16 15:30:00,7032.67,7033.84,7032.04,7033.31
2026-04-16 15:31:00,7033.24,7034.52,7033.04,7034.52
2026-04-16 15:32:00,7034.62,7035.83,7034.10,7034.64
2026-04-16 15:33:00,7034.75,7034.97,7034.05,7034.83
2026-04-16 15:34:00,7034.79,7035.21,7034.60,7034.95
2026-04-16 15:35:00,7034.95,7037.10,7034.09,7037.10
2026-04-16 15:36:00,7037.20,7037.20,7035.81,7036.06
2026-04-16 15:37:00,7036.01,7036.49,7035.59,7035.65
2026-04-16 15:38:00,7035.10,7036.63,7035.10,7036.63
2026-04-16 15:39:00,7036.68,7037.62,7035.80,7037.57
2026-04-16 15:40:00,7037.53,7038.09,7036.86,7037.67
2026-04-16 15:41:00,7037.66,7039.03,7037.51,7038.01
2026-04-16 15:42:00,7038.00,7039.46,7037.90,7038.39
2026-04-16 15:43:00,7038.42,7038.91,7038.34,7038.82
2026-04-16 15:44:00,7038.90,7038.90,7036.66,7036.68
2026-04-16 15:45:00,7036.58,7038.55,7035.20,7038.39
2026-04-16 15:46:00,7038.25,7039.36,7038.25,7038.49
2026-04-16 15:47:00,7038.40,7039.16,7038.20,7038.20
2026-04-16 15:48:00,7038.20,7039.78,7038.18,7039.78
2026-04-16 15:49:00,7039.75,7039.80,7038.59,7039.68
2026-04-16 15:50:00,7039.81,7042.84,7037.26,7039.63
2026-04-16 15:51:00,7039.54,7040.95,7038.80,7040.04
2026-04-16 15:52:00,7040.02,7040.87,7039.60,7040.46
2026-04-16 15:53:00,7040.47,7040.59,7038.50,7038.50
2026-04-16 15:54:00,7038.42,7040.06,7038.28,7039.89
2026-04-16 15:55:00,7039.96,7041.67,7038.82,7039.77
2026-04-16 15:56:00,7039.96,7040.16,7039.42,7039.93
2026-04-16 15:57:00,7039.94,7040.83,7039.52,7040.60
2026-04-16 15:58:00,7040.65,7041.58,7040.57,7040.57
2026-04-16 15:59:00,7040.55,7042.60,7039.37,7039.37
2026-04-16 16:00:00,7040.09,7041.09,7040.09,7041.09
2026-04-16 16:01:00,7041.09,7041.11,7041.09,7041.09
2026-04-16 16:02:00,7041.09,7041.27,7041.09,7041.27
2026-04-16 16:03:00,7041.27,7041.28,7041.27,7041.28
2026-04-16 16:04:00,7041.28,7041.28,7041.28,7041.28
2026-04-16 16:05:00,7041.28,7041.28,7041.28,7041.28
2026-04-16 16:06:00,7041.28,7041.28,7041.28,7041.28
2026-04-16 16:07:00,7041.28,7041.28,7041.28,7041.28
2026-04-16 16:08:00,7041.28,7041.28,7041.28,7041.28
2026-04-16 16:09:00,7041.28,7041.28,7041.28,7041.28
2026-04-16 16:10:00,7041.28,7041.28,7041.28,7041.28
2026-04-16 16:11:00,7041.28,7041.28,7041.28,7041.28
2026-04-16 16:12:00,7041.28,7041.28,7041.28,7041.28
2026-04-16 16:13:00,7041.28,7041.28,7041.28,7041.28
2026-04-16 16:14:00,7041.28,7041.28,7041.28,7041.28
2026-04-16 16:15:00,7041.28,7041.28,7041.28,7041.28
2026-04-16 16:16:00,7041.28,7041.28,7041.28,7041.28
2026-04-16 16:17:00,7041.28,7041.28,7041.28,7041.28
2026-04-16 16:18:00,7041.28,7041.28,7041.28,7041.28
2026-04-16 16:19:00,7041.28,7041.28,7041.28,7041.28
2026-04-16 16:20:00,7041.28,7041.28,7041.28,7041.28
2026-04-16 16:48:00,7041.28,7041.28,7041.28,7041.28
2026-04-17 09:30:00,7074.55,7090.79,7074.55,7085.03
2026-04-17 09:31:00,7085.56,7093.68,7085.56,7090.37
2026-04-17 09:32:00,7090.89,7093.52,7090.36,7092.66
2026-04-17 09:33:00,7092.98,7092.98,7086.41,7088.52
2026-04-17 09:34:00,7088.73,7095.73,7088.59,7093.65
2026-04-17 09:35:00,7093.79,7097.37,7093.36,7097.21
2026-04-17 09:36:00,7097.19,7098.73,7095.61,7098.11
2026-04-17 09:37:00,7098.42,7100.12,7097.79,7099.23
2026-04-17 09:38:00,7099.17,7099.17,7094.86,7098.81
2026-04-17 09:39:00,7098.82,7098.82,7094.61,7095.21
2026-04-17 09:40:00,7095.15,7095.34,7091.78,7092.71
2026-04-17 09:41:00,7092.98,7093.66,7091.78,7092.73
2026-04-17 09:42:00,7093.09,7095.56,7091.39,7094.26
2026-04-17 09:43:00,7094.55,7094.98,7091.07,7092.07
2026-04-17 09:44:00,7092.48,7096.71,7091.79,7095.62
2026-04-17 09:45:00,7095.82,7096.22,7092.49,7096.22
2026-04-17 09:46:00,7097.14,7099.14,7088.22,7089.82
2026-04-17 09:47:00,7089.89,7089.89,7085.41,7086.61
2026-04-17 09:48:00,7086.86,7091.75,7082.70,7091.50
2026-04-17 09:49:00,7091.42,7095.15,7091.42,7094.79
2026-04-17 09:50:00,7094.95,7098.51,7094.05,7095.12
2026-04-17 09:51:00,7095.37,7102.18,7094.93,7100.92
2026-04-17 09:52:00,7100.86,7102.25,7099.78,7101.01
2026-04-17 09:53:00,7100.94,7102.61,7100.18,7102.09
2026-04-17 09:54:00,7102.09,7102.30,7097.92,7101.39
2026-04-17 09:55:00,7101.44,7102.49,7100.12,7100.43
2026-04-17 09:56:00,7100.63,7103.48,7099.44,7102.81
2026-04-17 09:57:00,7102.52,7106.70,7102.37,7105.12
2026-04-17 09:58:00,7105.14,7105.67,7102.45,7104.81
2026-04-17 09:59:00,7104.96,7108.32,7104.96,7108.19
2026-04-17 10:00:00,7108.24,7110.55,7105.96,7110.55
2026-04-17 10:01:00,7110.57,7111.52,7109.72,7111.43
2026-04-17 10:02:00,7111.23,7111.23,7108.81,7110.14
2026-04-17 10:03:00,7110.06,7110.51,7109.47,7110.12
2026-04-17 10:04:00,7110.17,7113.04,7109.94,7112.21
2026-04-17 10:05:00,7112.35,7115.19,7111.58,7113.19
2026-04-17 10:06:00,7113.14,7114.90,7112.91,7114.09
2026-04-17 10:07:00,7113.89,7115.13,7112.68,7114.31
2026-04-17 10:08:00,7114.13,7115.10,7113.45,7113.86
2026-04-17 10:09:00,7113.84,7115.48,7113.59,7115.22
2026-04-17 10:10:00,7115.20,7117.82,7114.60,7117.64
2026-04-17 10:11:00,7117.32,7117.32,7114.32,7114.64
2026-04-17 10:12:00,7114.61,7115.12,7111.77,7113.25
2026-04-17 10:13:00,7113.34,7115.64,7112.88,7114.78
2026-04-17 10:14:00,7114.57,7115.94,7114.42,7115.59
2026-04-17 10:15:00,7115.92,7116.61,7114.27,7116.46
2026-04-17 10:16:00,7116.51,7117.17,7115.36,7117.17
2026-04-17 10:17:00,7117.09,7117.09,7113.39,7113.84
2026-04-17 10:18:00,7113.84,7115.46,7113.05,7114.43
2026-04-17 10:19:00,7114.52,7115.02,7113.42,7114.71
2026-04-17 10:20:00,7114.14,7115.55,7109.68,7115.12
2026-04-17 10:21:00,7115.05,7116.27,7113.63,7116.19
2026-04-17 10:22:00,7116.31,7117.17,7115.11,7115.21
2026-04-17 10:23:00,7115.15,7115.49,7112.98,7114.67
2026-04-17 10:24:00,7114.60,7116.86,7114.23,7116.31
2026-04-17 10:25:00,7116.28,7116.99,7115.58,7116.25
2026-04-17 10:26:00,7116.15,7118.04,7115.44,7115.83
2026-04-17 10:27:00,7115.76,7116.40,7113.91,7115.55
2026-04-17 10:28:00,7115.55,7117.75,7115.43,7117.25
2026-04-17 10:29:00,7117.16,7117.85,7116.04,7116.27
2026-04-17 10:30:00,7116.59,7118.92,7116.59,7117.36
2026-04-17 10:31:00,7117.07,7119.98,7117.05,7119.98
2026-04-17 10:32:00,7119.97,7121.08,7119.54,7120.21
2026-04-17 10:33:00,7120.19,7126.19,7120.19,7126.04
2026-04-17 10:34:00,7126.17,7126.17,7124.71,7125.38
2026-04-17 10:35:00,7125.35,7125.35,7120.86,7122.96
2026-04-17 10:36:00,7122.77,7125.30,7122.24,7125.12
2026-04-17 10:37:00,7125.20,7125.59,7124.35,7125.54
2026-04-17 10:38:00,7125.46,7126.30,7125.24,7125.89
2026-04-17 10:39:00,7125.87,7127.16,7125.02,7127.16
2026-04-17 10:40:00,7127.06,7130.48,7127.06,7129.21
2026-04-17 10:41:00,7129.26,7131.75,7129.26,7131.65
2026-04-17 10:42:00,7131.44,7133.68,7131.44,7133.50
2026-04-17 10:43:00,7133.60,7134.07,7131.16,7131.56
2026-04-17 10:44:00,7131.78,7133.55,7131.64,7132.97
2026-04-17 10:45:00,7133.04,7133.62,7132.31,7133.53
2026-04-17 10:46:00,7133.68,7133.89,7132.25,7132.96
2026-04-17 10:47:00,7133.11,7133.97,7132.35,7133.62
2026-04-17 10:48:00,7133.54,7135.18,7132.75,7134.55
2026-04-17 10:49:00,7134.76,7136.86,7134.51,7136.56
2026-04-17 10:50:00,7136.35,7136.88,7132.64,7132.85
2026-04-17 10:51:00,7132.90,7135.62,7132.64,7135.34
2026-04-17 10:52:00,7135.28,7136.52,7135.20,7135.36
2026-04-17 10:53:00,7135.41,7135.70,7134.05,7134.38
2026-04-17 10:54:00,7134.44,7134.48,7132.95,7133.25
2026-04-17 10:55:00,7133.33,7133.33,7126.36,7126.54
2026-04-17 10:56:00,7126.49,7131.20,7126.49,7131.11
2026-04-17 10:57:00,7131.05,7132.10,7130.50,7131.82
2026-04-17 10:58:00,7132.05,7132.17,7130.75,7131.91
2026-04-17 10:59:00,7132.03,7132.03,7128.30,7129.14
2026-04-17 11:00:00,7129.16,7129.21,7126.58,7128.20
2026-04-17 11:01:00,7128.27,7130.01,7128.18,7129.98
2026-04-17 11:02:00,7129.90,7132.88,7129.31,7132.42
2026-04-17 11:03:00,7132.41,7134.23,7128.46,7129.08
2026-04-17 11:04:00,7129.63,7131.84,7128.13,7130.91
2026-04-17 11:05:00,7130.98,7132.59,7130.48,7132.22
2026-04-17 11:06:00,7132.21,7135.11,7131.68,7135.11
2026-04-17 11:07:00,7135.06,7135.41,7133.80,7134.61
2026-04-17 11:08:00,7134.59,7134.59,7132.63,7133.62
2026-04-17 11:09:00,7133.67,7134.28,7132.74,7133.16
2026-04-17 11:10:00,7133.13,7134.15,7131.37,7131.37
2026-04-17 11:11:00,7131.46,7131.46,7128.36,7128.36
2026-04-17 11:12:00,7128.40,7129.98,7127.11,7127.40
2026-04-17 11:13:00,7127.45,7127.99,7126.09,7126.75
2026-04-17 11:14:00,7126.74,7128.45,7125.43,7126.29
2026-04-17 11:15:00,7126.27,7129.52,7126.21,7128.43
2026-04-17 11:16:00,7128.48,7131.11,7128.48,7130.54
2026-04-17 11:17:00,7130.61,7131.34,7130.44,7130.85
2026-04-17 11:18:00,7130.85,7130.87,7128.15,7128.15
2026-04-17 11:19:00,7127.83,7127.83,7123.49,7125.92
2026-04-17 11:20:00,7125.88,7125.99,7123.49,7124.59
2026-04-17 11:21:00,7124.73,7127.86,7124.30,7127.16
2026-04-17 11:22:00,7126.98,7127.41,7126.15,7126.78
2026-04-17 11:23:00,7126.93,7129.95,7126.93,7129.30
2026-04-17 11:24:00,7129.37,7129.38,7127.97,7128.70
2026-04-17 11:25:00,7128.80,7129.39,7127.67,7127.67
2026-04-17 11:26:00,7127.67,7129.81,7127.40,7129.78
2026-04-17 11:27:00,7129.80,7129.84,7128.17,7128.17
2026-04-17 11:28:00,7128.19,7130.93,7128.15,7129.85
2026-04-17 11:29:00,7129.96,7130.31,7128.93,7130.01
2026-04-17 11:30:00,7130.00,7131.99,7129.79,7130.68
2026-04-17 11:31:00,7130.76,7134.61,7130.54,7134.61
2026-04-17 11:32:00,7134.72,7135.12,7132.21,7133.13
2026-04-17 11:33:00,7133.21,7135.09,7132.86,7135.09
2026-04-17 11:34:00,7135.09,7136.44,7133.64,7136.29
2026-04-17 11:35:00,7136.41,7136.49,7135.37,7135.79
2026-04-17 11:36:00,7135.95,7137.32,7135.82,7136.48
2026-04-17 11:37:00,7136.53,7136.73,7133.51,7134.14
2026-04-17 11:38:00,7134.11,7136.38,7133.68,7136.38
2026-04-17 11:39:00,7136.47,7136.74,7135.89,7136.61
2026-04-17 11:40:00,7136.70,7136.95,7135.11,7135.21
2026-04-17 11:41:00,7135.29,7135.57,7133.15,7133.96
2026-04-17 11:42:00,7134.00,7134.01,7130.75,7130.76
2026-04-17 11:43:00,7130.84,7131.30,7128.79,7128.80
2026-04-17 11:44:00,7128.99,7129.31,7128.03,7128.11
2026-04-17 11:45:00,7128.10,7131.56,7128.10,7131.42
2026-04-17 11:46:00,7131.43,7131.43,7128.97,7129.13
2026-04-17 11:47:00,7129.12,7130.45,7128.88,7130.09
2026-04-17 11:48:00,7129.95,7130.24,7129.16,7129.67
2026-04-17 11:49:00,7129.86,7134.62,7128.94,7132.36
2026-04-17 11:50:00,7132.33,7136.16,7132.03,7135.57
2026-04-17 11:51:00,7135.71,7137.23,7135.30,7136.71
2026-04-17 11:52:00,7136.71,7136.71,7134.12,7134.17
2026-04-17 11:53:00,7134.23,7135.03,7133.85,7135.03
2026-04-17 11:54:00,7135.10,7136.07,7134.85,7134.85
2026-04-17 11:55:00,7134.78,7135.71,7134.45,7134.55
2026-04-17 11:56:00,7134.54,7135.64,7133.74,7135.13
2026-04-17 11:57:00,7135.17,7136.14,7134.74,7135.23
2026-04-17 11:58:00,7135.08,7135.09,7132.26,7132.65
2026-04-17 11:59:00,7132.63,7132.63,7130.81,7131.11
2026-04-17 12:00:00,7131.01,7131.10,7129.21,7130.22
2026-04-17 12:01:00,7130.15,7133.69,7130.15,7133.60
2026-04-17 12:02:00,7133.59,7136.45,7133.59,7136.26
2026-04-17 12:03:00,7136.20,7138.12,7135.88,7137.27
2026-04-17 12:04:00,7137.22,7137.48,7136.22,7137.00
2026-04-17 12:05:00,7136.73,7137.31,7136.36,7137.21
2026-04-17 12:06:00,7137.27,7137.46,7136.79,7137.22
2026-04-17 12:07:00,7137.23,7137.97,7136.84,7137.57
2026-04-17 12:08:00,7137.57,7140.10,7137.57,7138.91
2026-04-17 12:09:00,7138.91,7138.91,7135.73,7135.91
2026-04-17 12:10:00,7135.85,7137.50,7135.28,7137.50
2026-04-17 12:11:00,7137.37,7139.16,7137.31,7139.05
2026-04-17 12:12:00,7139.06,7139.83,7139.06,7139.57
2026-04-17 12:13:00,7139.60,7139.60,7137.90,7138.08
2026-04-17 12:14:00,7138.09,7139.00,7137.68,7137.78
2026-04-17 12:15:00,7137.69,7138.94,7137.29,7137.92
2026-04-17 12:16:00,7138.01,7138.42,7135.94,7135.94
2026-04-17 12:17:00,7135.87,7135.87,7133.51,7134.07
2026-04-17 12:18:00,7133.86,7137.35,7133.44,7136.86
2026-04-17 12:19:00,7136.76,7137.08,7136.15,7136.53
2026-04-17 12:20:00,7136.54,7137.26,7135.58,7136.15
2026-04-17 12:21:00,7136.17,7137.16,7136.11,7137.09
2026-04-17 12:22:00,7137.23,7137.79,7136.72,7137.08
2026-04-17 12:23:00,7137.07,7138.36,7137.07,7138.33
2026-04-17 12:24:00,7138.40,7139.07,7137.95,7138.77
2026-04-17 12:25:00,7138.75,7139.31,7138.30,7138.96
2026-04-17 12:26:00,7138.84,7139.33,7138.31,7138.99
2026-04-17 12:27:00,7139.05,7139.18,7138.44,7138.51
2026-04-17 12:28:00,7138.53,7139.41,7138.38,7138.47
2026-04-17 12:29:00,7138.42,7139.02,7137.51,7138.90
2026-04-17 12:30:00,7138.89,7141.88,7138.89,7141.84
2026-04-17 12:31:00,7141.72,7142.61,7141.05,7142.61
2026-04-17 12:32:00,7142.67,7143.17,7141.96,7142.89
2026-04-17 12:33:00,7142.96,7143.59,7142.22,7142.22
2026-04-17 12:34:00,7142.29,7142.81,7142.13,7142.74
2026-04-17 12:35:00,7142.79,7143.79,7142.63,7143.20
2026-04-17 12:36:00,7143.07,7145.17,7142.82,7144.96
2026-04-17 12:37:00,7144.93,7145.28,7144.28,7144.28
2026-04-17 12:38:00,7144.22,7145.19,7143.54,7144.85
2026-04-17 12:39:00,7144.93,7145.17,7144.29,7144.36
2026-04-17 12:40:00,7144.39,7144.68,7143.74,7144.41
2026-04-17 12:41:00,7144.35,7144.35,7142.84,7142.84
2026-04-17 12:42:00,7142.77,7144.00,7142.65,7143.87
2026-04-17 12:43:00,7143.85,7144.34,7143.67,7144.23
2026-04-17 12:44:00,7144.26,7145.81,7144.26,7145.81
2026-04-17 12:45:00,7145.74,7147.03,7145.47,7146.92
2026-04-17 12:46:00,7146.91,7147.40,7146.82,7147.34
2026-04-17 12:47:00,7147.40,7147.52,7146.42,7146.42
2026-04-17 12:48:00,7146.40,7147.12,7146.13,7146.98
2026-04-17 12:49:00,7146.88,7146.99,7145.44,7146.02
2026-04-17 12:50:00,7145.99,7146.40,7145.44,7146.18
2026-04-17 12:51:00,7146.19,7147.06,7145.88,7147.04
2026-04-17 12:52:00,7147.06,7147.08,7145.70,7145.70
2026-04-17 12:53:00,7145.70,7146.17,7144.74,7146.10
2026-04-17 12:54:00,7146.06,7146.13,7144.67,7145.12
2026-04-17 12:55:00,7145.06,7145.25,7144.29,7144.37
2026-04-17 12:56:00,7144.34,7144.61,7143.61,7143.63
2026-04-17 12:57:00,7143.59,7143.88,7143.24,7143.86
2026-04-17 12:58:00,7143.89,7144.63,7143.52,7143.76
2026-04-17 12:59:00,7143.76,7143.82,7142.75,7143.27
2026-04-17 13:00:00,7143.26,7144.27,7142.93,7143.03
2026-04-17 13:01:00,7143.01,7144.64,7142.82,7144.46
2026-04-17 13:02:00,7144.49,7144.57,7143.68,7144.33
2026-04-17 13:03:00,7144.39,7145.55,7144.39,7144.72
2026-04-17 13:04:00,7144.76,7145.43,7144.62,7145.01
2026-04-17 13:05:00,7145.09,7145.09,7143.83,7144.16
2026-04-17 13:06:00,7144.35,7144.73,7143.71,7144.02
2026-04-17 13:07:00,7143.95,7144.07,7142.71,7142.71
2026-04-17 13:08:00,7142.69,7142.69,7132.36,7132.36
2026-04-17 13:09:00,7133.14,7137.81,7133.14,7137.32
2026-04-17 13:10:00,7137.66,7138.04,7135.95,7135.95
2026-04-17 13:11:00,7135.92,7135.92,7133.58,7134.58
2026-04-17 13:12:00,7134.47,7135.48,7133.68,7134.90
2026-04-17 13:13:00,7134.89,7136.22,7134.58,7135.73
2026-04-17 13:14:00,7135.68,7136.92,7135.27,7136.29
2026-04-17 13:15:00,7136.27,7137.46,7135.11,7135.26
2026-04-17 13:16:00,7135.39,7136.59,7135.39,7136.43
2026-04-17 13:17:00,7136.33,7136.59,7133.36,7133.36
2026-04-17 13:18:00,7133.41,7134.74,7132.67,7134.74
2026-04-17 13:19:00,7134.78,7135.00,7132.76,7133.19
2026-04-17 13:20:00,7133.02,7133.02,7128.13,7128.41
2026-04-17 13:21:00,7128.61,7128.73,7125.49,7126.96
2026-04-17 13:22:00,7126.96,7130.04,7126.96,7130.00
2026-04-17 13:23:00,7129.92,7133.83,7129.77,7133.62
2026-04-17 13:24:00,7133.54,7133.54,7116.01,7119.99
2026-04-17 13:25:00,7119.88,7123.66,7119.88,7121.73
2026-04-17 13:26:00,7121.67,7121.69,7116.54,7121.03
2026-04-17 13:27:00,7120.87,7124.61,7119.40,7124.01
2026-04-17 13:28:00,7124.01,7124.18,7120.67,7120.85
2026-04-17 13:29:00,7120.84,7123.31,7120.84,7122.86
2026-04-17 13:30:00,7122.77,7125.67,7122.55,7125.20
2026-04-17 13:31:00,7125.25,7126.05,7123.33,7123.33
2026-04-17 13:32:00,7123.31,7123.31,7121.50,7123.20
2026-04-17 13:33:00,7123.19,7123.19,7120.78,7121.27
2026-04-17 13:34:00,7121.46,7123.62,7121.46,7122.16
2026-04-17 13:35:00,7122.10,7122.48,7120.37,7120.47
2026-04-17 13:36:00,7120.49,7121.18,7120.07,7120.16
2026-04-17 13:37:00,7120.30,7126.28,7120.30,7126.15
2026-04-17 13:38:00,7126.39,7127.05,7125.15,7125.89
2026-04-17 13:39:00,7126.01,7126.09,7123.34,7123.97
2026-04-17 13:40:00,7124.05,7125.10,7123.52,7123.90
2026-04-17 13:41:00,7123.55,7124.34,7122.64,7123.29
2026-04-17 13:42:00,7123.04,7124.66,7122.74,7124.56
2026-04-17 13:43:00,7124.19,7124.19,7122.48,7122.60
2026-04-17 13:44:00,7122.36,7123.51,7121.87,7123.14
2026-04-17 13:45:00,7123.08,7126.05,7122.94,7125.83
2026-04-17 13:46:00,7125.84,7129.17,7125.84,7129.17
2026-04-17 13:47:00,7128.99,7130.54,7128.99,7130.48
2026-04-17 13:48:00,7130.46,7130.46,7129.00,7129.11
2026-04-17 13:49:00,7129.15,7129.51,7128.18,7128.44
2026-04-17 13:50:00,7128.37,7129.57,7127.64,7129.36
2026-04-17 13:51:00,7129.34,7129.71,7128.22,7129.40
2026-04-17 13:52:00,7129.28,7129.82,7129.10,7129.22
2026-04-17 13:53:00,7129.17,7130.13,7128.93,7130.12
2026-04-17 13:54:00,7130.00,7130.29,7129.26,7129.26
2026-04-17 13:55:00,7129.39,7130.05,7128.91,7129.26
2026-04-17 13:56:00,7129.25,7130.13,7128.43,7130.13
2026-04-17 13:57:00,7130.30,7130.44,7129.27,7129.31
2026-04-17 13:58:00,7129.30,7129.44,7127.38,7127.42
2026-04-17 13:59:00,7127.33,7127.36,7126.62,7126.85
2026-04-17 14:00:00,7126.83,7128.10,7126.03,7126.06
2026-04-17 14:01:00,7126.09,7128.27,7125.55,7128.14
2026-04-17 14:02:00,7128.18,7128.38,7126.00,7126.00
2026-04-17 14:03:00,7125.97,7127.11,7123.47,7123.95
2026-04-17 14:04:00,7124.13,7124.89,7123.41,7124.14
2026-04-17 14:05:00,7124.07,7124.46,7122.50,7123.29
2026-04-17 14:06:00,7123.34,7123.93,7121.55,7123.93
2026-04-17 14:07:00,7123.79,7123.82,7121.68,7122.11
2026-04-17 14:08:00,7122.11,7122.20,7120.02,7120.02
2026-04-17 14:09:00,7120.12,7120.44,7119.15,7119.52
2026-04-17 14:10:00,7119.49,7121.64,7118.71,7118.88
2026-04-17 14:11:00,7118.94,7120.75,7118.54,7119.67
2026-04-17 14:12:00,7119.67,7121.18,7119.49,7120.98
2026-04-17 14:13:00,7120.97,7121.32,7118.61,7118.61
2026-04-17 14:14:00,7118.59,7118.59,7117.42,7118.14
2026-04-17 14:15:00,7117.96,7121.17,7117.90,7120.48
2026-04-17 14:16:00,7120.45,7120.54,7119.58,7120.18
2026-04-17 14:17:00,7120.25,7121.14,7119.59,7120.80
2026-04-17 14:18:00,7121.10,7122.01,7121.01,7121.31
2026-04-17 14:19:00,7121.36,7121.79,7119.30,7119.79
2026-04-17 14:20:00,7120.12,7120.29,7117.90,7117.90
2026-04-17 14:21:00,7117.71,7118.22,7116.40,7116.79
2026-04-17 14:22:00,7116.59,7117.21,7115.43,7117.21
2026-04-17 14:23:00,7117.27,7120.39,7115.83,7119.95
2026-04-17 14:24:00,7119.96,7122.41,7119.96,7121.87
2026-04-17 14:25:00,7121.75,7126.30,7121.55,7125.62
2026-04-17 14:26:00,7125.43,7126.45,7124.36,7125.47
2026-04-17 14:27:00,7125.41,7125.60,7124.81,7124.90
2026-04-17 14:28:00,7124.93,7124.93,7122.10,7123.11
2026-04-17 14:29:00,7123.06,7123.06,7120.89,7122.07
2026-04-17 14:30:00,7121.99,7125.21,7121.99,7124.97
2026-04-17 14:31:00,7124.94,7125.18,7123.65,7124.96
2026-04-17 14:32:00,7125.02,7126.11,7125.02,7125.40
2026-04-17 14:33:00,7125.50,7127.32,7125.20,7126.99
2026-04-17 14:34:00,7126.90,7127.41,7126.81,7126.81
2026-04-17 14:35:00,7126.88,7126.93,7126.07,7126.55
2026-04-17 14:36:00,7126.70,7127.46,7126.70,7127.14
2026-04-17 14:37:00,7127.16,7127.20,7126.35,7126.35
2026-04-17 14:38:00,7126.30,7127.03,7125.90,7126.52
2026-04-17 14:39:00,7126.64,7126.64,7124.61,7125.24
2026-04-17 14:40:00,7125.22,7125.97,7124.91,7125.12
2026-04-17 14:41:00,7125.14,7125.14,7123.96,7124.02
2026-04-17 14:42:00,7124.00,7124.12,7121.80,7122.36
2026-04-17 14:43:00,7122.48,7123.33,7121.83,7123.33
2026-04-17 14:44:00,7123.32,7124.98,7123.10,7124.98
2026-04-17 14:45:00,7124.97,7125.42,7124.34,7124.63
2026-04-17 14:46:00,7124.63,7124.63,7123.88,7124.46
2026-04-17 14:47:00,7124.56,7125.66,7123.63,7123.72
2026-04-17 14:48:00,7123.68,7124.76,7123.62,7123.79
2026-04-17 14:49:00,7123.79,7124.25,7122.81,7123.08
2026-04-17 14:50:00,7123.12,7123.18,7121.60,7121.68
2026-04-17 14:51:00,7121.45,7122.13,7120.37,7120.51
2026-04-17 14:52:00,7120.48,7120.48,7117.90,7119.60
2026-04-17 14:53:00,7119.67,7119.77,7118.01,7119.40
2026-04-17 14:54:00,7119.53,7119.70,7117.38,7118.87
2026-04-17 14:55:00,7118.97,7121.37,7118.67,7121.37
2026-04-17 14:56:00,7121.37,7123.32,7120.99,7121.53
2026-04-17 14:57:00,7121.40,7122.07,7120.55,7121.64
2026-04-17 14:58:00,7121.54,7122.18,7120.66,7120.88
2026-04-17 14:59:00,7120.91,7121.93,7120.48,7120.58
2026-04-17 15:00:00,7120.60,7121.65,7120.29,7120.84
2026-04-17 15:01:00,7120.81,7122.36,7120.51,7122.36
2026-04-17 15:02:00,7122.19,7122.58,7121.30,7121.82
2026-04-17 15:03:00,7121.66,7121.66,7120.44,7120.59
2026-04-17 15:04:00,7120.64,7120.88,7119.81,7120.30
2026-04-17 15:05:00,7120.38,7120.38,7118.88,7118.91
2026-04-17 15:06:00,7118.89,7119.03,7117.20,7118.87
2026-04-17 15:07:00,7118.89,7120.37,7118.89,7119.19
2026-04-17 15:08:00,7119.12,7119.43,7118.09,7119.19
2026-04-17 15:09:00,7119.23,7119.26,7117.20,7118.41
2026-04-17 15:10:00,7118.40,7118.70,7116.50,7116.50
2026-04-17 15:11:00,7116.50,7117.46,7116.04,7116.25
2026-04-17 15:12:00,7116.20,7116.20,7114.97,7115.85
2026-04-17 15:13:00,7115.90,7116.19,7114.59,7114.59
2026-04-17 15:14:00,7114.38,7115.97,7114.04,7115.41
2026-04-17 15:15:00,7115.40,7118.38,7115.07,7118.24
2026-04-17 15:16:00,7118.23,7119.71,7118.23,7119.29
2026-04-17 15:17:00,7119.38,7119.42,7117.56,7117.82
2026-04-17 15:18:00,7117.89,7118.83,7117.89,7118.72
2026-04-17 15:19:00,7118.77,7119.03,7117.12,7118.10
2026-04-17 15:20:00,7118.24,7119.34,7117.17,7117.61
2026-04-17 15:21:00,7117.59,7118.59,7117.07,7118.34
2026-04-17 15:22:00,7118.28,7118.33,7117.11,7117.18
2026-04-17 15:23:00,7117.24,7117.41,7116.71,7116.79
2026-04-17 15:24:00,7116.75,7117.54,7115.89,7117.49
2026-04-17 15:25:00,7117.47,7119.17,7117.39,7118.21
2026-04-17 15:26:00,7118.03,7118.53,7117.24,7118.29
2026-04-17 15:27:00,7118.20,7118.20,7117.17,7117.62
2026-04-17 15:28:00,7117.65,7118.20,7116.45,7116.45
2026-04-17 15:29:00,7116.48,7117.14,7116.17,7116.59
2026-04-17 15:30:00,7116.51,7118.43,7116.51,7118.21
2026-04-17 15:31:00,7118.32,7119.79,7118.32,7118.65
2026-04-17 15:32:00,7118.62,7121.14,7118.62,7120.88
2026-04-17 15:33:00,7120.99,7122.74,7120.87,7122.66
2026-04-17 15:34:00,7122.49,7122.75,7121.79,7121.79
2026-04-17 15:35:00,7121.69,7122.24,7120.84,7121.12
2026-04-17 15:36:00,7121.08,7121.09,7119.81,7120.78
2026-04-17 15:37:00,7120.79,7121.32,7119.99,7121.28
2026-04-17 15:38:00,7121.39,7124.65,7121.39,7124.12
2026-04-17 15:39:00,7123.95,7125.01,7123.37,7123.93
2026-04-17 15:40:00,7123.98,7126.35,7122.38,7125.19
2026-04-17 15:41:00,7125.14,7125.14,7123.31,7124.12
2026-04-17 15:42:00,7124.26,7127.32,7124.19,7126.70
2026-04-17 15:43:00,7126.72,7127.10,7126.53,7127.10
2026-04-17 15:44:00,7127.02,7127.10,7125.69,7126.73
2026-04-17 15:45:00,7126.69,7126.69,7123.71,7123.71
2026-04-17 15:46:00,7123.73,7124.22,7123.20,7124.13
2026-04-17 15:47:00,7124.13,7124.21,7121.88,7121.98
2026-04-17 15:48:00,7122.02,7122.88,7121.85,7121.98
2026-04-17 15:49:00,7122.05,7122.47,7121.30,7122.34
2026-04-17 15:50:00,7122.41,7125.46,7121.67,7122.85
2026-04-17 15:51:00,7122.90,7123.86,7121.27,7123.60
2026-04-17 15:52:00,7123.54,7124.38,7121.66,7121.83
2026-04-17 15:53:00,7121.83,7124.48,7120.87,7123.85
2026-04-17 15:54:00,7123.87,7125.97,7123.72,7125.76
2026-04-17 15:55:00,7125.77,7128.01,7124.23,7124.76
2026-04-17 15:56:00,7124.66,7126.78,7124.02,7124.02
2026-04-17 15:57:00,7124.00,7125.43,7122.50,7125.43
2026-04-17 15:58:00,7125.49,7126.50,7125.00,7126.46
2026-04-17 15:59:00,7126.20,7126.98,7124.12,7125.12
2026-04-17 16:00:00,7125.56,7126.03,7125.56,7126.03
2026-04-17 16:01:00,7126.03,7126.04,7126.03,7126.04
2026-04-17 16:02:00,7126.04,7126.07,7126.04,7126.07
2026-04-17 16:03:00,7126.07,7126.07,7126.07,7126.07
2026-04-17 16:04:00,7126.07,7126.07,7126.06,7126.06
2026-04-17 16:05:00,7126.06,7126.06,7126.06,7126.06
2026-04-17 16:06:00,7126.06,7126.06,7126.06,7126.06
2026-04-17 16:07:00,7126.06,7126.06,7126.06,7126.06
2026-04-17 16:08:00,7126.06,7126.06,7126.06,7126.06
2026-04-17 16:09:00,7126.06,7126.06,7126.06,7126.06
2026-04-17 16:10:00,7126.06,7126.06,7126.06,7126.06
2026-04-17 16:11:00,7126.06,7126.06,7126.06,7126.06
2026-04-17 16:12:00,7126.06,7126.06,7126.06,7126.06
2026-04-17 16:13:00,7126.06,7126.06,7126.06,7126.06
2026-04-17 16:14:00,7126.06,7126.06,7126.06,7126.06
2026-04-17 16:15:00,7126.06,7126.06,7126.06,7126.06
2026-04-17 16:16:00,7126.06,7126.06,7126.06,7126.06
2026-04-17 16:17:00,7126.06,7126.06,7126.06,7126.06
2026-04-17 16:18:00,7126.06,7126.06,7126.06,7126.06
2026-04-17 16:19:00,7126.06,7126.06,7126.06,7126.06
2026-04-17 16:20:00,7126.06,7126.06,7126.06,7126.06
2026-04-17 16:38:00,7126.06,7126.06,7126.06,7126.06
2026-04-20 09:30:00,7117.05,7120.67,7112.50,7112.60
2026-04-20 09:31:00,7111.75,7112.01,7106.30,7110.27
2026-04-20 09:32:00,7110.78,7113.81,7110.78,7112.61
2026-04-20 09:33:00,7113.09,7115.24,7111.39,7114.88
2026-04-20 09:34:00,7114.87,7115.86,7112.85,7115.42
2026-04-20 09:35:00,7115.54,7116.09,7113.91,7115.53
2026-04-20 09:36:00,7115.80,7117.71,7113.32,7116.09
2026-04-20 09:37:00,7116.41,7117.89,7115.28,7116.80
2026-04-20 09:38:00,7116.64,7117.37,7110.65,7110.65
2026-04-20 09:39:00,7110.20,7111.08,7107.54,7108.79
2026-04-20 09:40:00,7109.27,7109.27,7105.65,7107.52
2026-04-20 09:41:00,7107.55,7111.65,7107.21,7109.13
2026-04-20 09:42:00,7109.00,7111.35,7107.98,7110.53
2026-04-20 09:43:00,7110.39,7113.23,7109.38,7111.99
2026-04-20 09:44:00,7111.83,7112.69,7110.94,7111.34
2026-04-20 09:45:00,7111.45,7114.06,7109.85,7114.06
2026-04-20 09:46:00,7113.95,7113.95,7111.64,7111.88
2026-04-20 09:47:00,7111.74,7113.19,7110.85,7112.95
2026-04-20 09:48:00,7112.84,7115.70,7111.56,7111.72
2026-04-20 09:49:00,7111.63,7111.63,7108.19,7109.50
2026-04-20 09:50:00,7109.57,7110.48,7108.98,7110.03
2026-04-20 09:51:00,7110.09,7112.35,7109.68,7111.65
2026-04-20 09:52:00,7111.94,7114.86,7110.96,7114.34
2026-04-20 09:53:00,7114.55,7114.85,7112.94,7113.66
2026-04-20 09:54:00,7113.64,7117.81,7113.64,7117.71
2026-04-20 09:55:00,7117.62,7120.62,7117.00,7120.57
2026-04-20 09:56:00,7120.55,7122.55,7119.80,7122.42
2026-04-20 09:57:00,7122.41,7122.45,7121.17,7122.15
2026-04-20 09:58:00,7122.03,7122.65,7120.75,7120.93
2026-04-20 09:59:00,7120.90,7121.98,7118.37,7121.56
2026-04-20 10:00:00,7121.55,7121.87,7119.33,7120.48
2026-04-20 10:01:00,7120.51,7120.78,7117.22,7118.28
2026-04-20 10:02:00,7118.26,7118.33,7115.35,7117.79
2026-04-20 10:03:00,7118.04,7118.26,7114.94,7117.97
2026-04-20 10:04:00,7117.66,7118.01,7115.02,7115.73
2026-04-20 10:05:00,7116.42,7119.11,7116.42,7119.04
2026-04-20 10:06:00,7118.89,7120.02,7118.46,7120.02
2026-04-20 10:07:00,7120.00,7120.00,7117.40,7117.51
2026-04-20 10:08:00,7117.50,7117.60,7114.33,7114.52
2026-04-20 10:09:00,7114.33,7118.15,7113.99,7117.81
2026-04-20 10:10:00,7117.88,7119.96,7117.82,7118.74
2026-04-20 10:11:00,7118.39,7118.39,7112.58,7112.58
2026-04-20 10:12:00,7112.67,7114.53,7110.97,7114.53
2026-04-20 10:13:00,7114.70,7117.83,7114.70,7115.64
2026-04-20 10:14:00,7115.67,7116.65,7114.66,7116.19
2026-04-20 10:15:00,7116.26,7116.26,7113.16,7113.54
2026-04-20 10:16:00,7113.57,7115.81,7113.31,7113.59
2026-04-20 10:17:00,7113.61,7114.10,7112.28,7112.80
2026-04-20 10:18:00,7112.76,7113.73,7111.87,7112.43
2026-04-20 10:19:00,7112.59,7115.06,7111.40,7114.75
2026-04-20 10:20:00,7114.50,7115.83,7113.46,7114.44
2026-04-20 10:21:00,7114.39,7116.69,7114.39,7116.17
2026-04-20 10:22:00,7116.28,7117.82,7115.46,7117.45
2026-04-20 10:23:00,7117.42,7119.37,7117.10,7118.79
2026-04-20 10:24:00,7118.83,7118.98,7117.55,7118.98
2026-04-20 10:25:00,7119.04,7119.04,7117.36,7118.04
2026-04-20 10:26:00,7118.01,7120.86,7118.01,7120.45
2026-04-20 10:27:00,7120.31,7120.72,7116.07,7116.35
2026-04-20 10:28:00,7116.34,7116.66,7113.11,7113.56
2026-04-20 10:29:00,7113.46,7113.56,7112.24,7112.83
2026-04-20 10:30:00,7112.92,7113.54,7112.05,7112.72
2026-04-20 10:31:00,7112.57,7112.65,7109.57,7112.15
2026-04-20 10:32:00,7111.96,7112.70,7109.81,7110.19
2026-04-20 10:33:00,7110.27,7111.54,7109.07,7109.15
2026-04-20 10:34:00,7109.06,7109.87,7107.48,7109.69
2026-04-20 10:35:00,7109.65,7110.45,7106.64,7107.42
2026-04-20 10:36:00,7107.45,7108.46,7106.65,7106.72
2026-04-20 10:37:00,7106.84,7110.98,7106.84,7109.92
2026-04-20 10:38:00,7109.91,7110.69,7109.20,7110.56
2026-04-20 10:39:00,7110.43,7111.04,7109.11,7109.12
2026-04-20 10:40:00,7109.27,7109.44,7106.45,7106.54
2026-04-20 10:41:00,7106.52,7106.52,7103.78,7104.80
2026-04-20 10:42:00,7104.94,7105.34,7103.35,7103.81
2026-04-20 10:43:00,7103.88,7104.39,7102.58,7103.66
2026-04-20 10:44:00,7103.67,7105.78,7102.95,7104.81
2026-04-20 10:45:00,7104.72,7104.72,7103.51,7103.71
2026-04-20 10:46:00,7103.56,7104.71,7102.61,7104.58
2026-04-20 10:47:00,7104.71,7107.38,7104.67,7105.52
2026-04-20 10:48:00,7105.75,7107.65,7105.64,7106.95
2026-04-20 10:49:00,7107.05,7110.84,7107.04,7110.11
2026-04-20 10:50:00,7110.13,7110.89,7107.39,7107.45
2026-04-20 10:51:00,7107.43,7107.43,7089.67,7099.39
2026-04-20 10:52:00,7099.49,7102.97,7097.90,7099.91
2026-04-20 10:53:00,7099.72,7102.87,7099.72,7100.51
2026-04-20 10:54:00,7100.76,7100.92,7098.19,7100.84
2026-04-20 10:55:00,7101.10,7101.10,7096.24,7096.98
2026-04-20 10:56:00,7096.98,7097.10,7093.13,7094.15
2026-04-20 10:57:00,7094.17,7097.96,7094.17,7096.81
2026-04-20 10:58:00,7096.86,7096.86,7093.96,7094.18
2026-04-20 10:59:00,7094.08,7095.17,7092.82,7095.06
2026-04-20 11:00:00,7095.00,7099.38,7095.00,7096.64
2026-04-20 11:01:00,7096.22,7096.28,7093.99,7094.22
2026-04-20 11:02:00,7094.02,7095.17,7093.20,7094.71
2026-04-20 11:03:00,7094.72,7095.38,7090.89,7091.34
2026-04-20 11:04:00,7091.47,7091.47,7088.13,7090.12
2026-04-20 11:05:00,7089.96,7092.28,7088.62,7088.66
2026-04-20 11:06:00,7088.67,7088.87,7086.21,7087.14
2026-04-20 11:07:00,7087.18,7087.31,7084.41,7085.33
2026-04-20 11:08:00,7085.28,7089.71,7085.28,7089.71
2026-04-20 11:09:00,7089.64,7089.70,7088.26,7088.75
2026-04-20 11:10:00,7088.65,7092.75,7088.44,7091.95
2026-04-20 11:11:00,7091.96,7094.40,7091.44,7093.67
2026-04-20 11:12:00,7093.65,7093.69,7089.26,7089.37
2026-04-20 11:13:00,7089.41,7089.79,7086.79,7088.03
2026-04-20 11:14:00,7088.19,7090.78,7088.03,7090.64
2026-04-20 11:15:00,7090.79,7090.89,7088.59,7089.11
2026-04-20 11:16:00,7089.10,7090.32,7088.17,7088.59
2026-04-20 11:17:00,7088.66,7089.91,7088.60,7089.46
2026-04-20 11:18:00,7089.53,7093.03,7089.53,7092.97
2026-04-20 11:19:00,7092.91,7094.33,7092.69,7093.45
2026-04-20 11:20:00,7093.42,7093.53,7092.37,7092.48
2026-04-20 11:21:00,7092.52,7099.32,7091.93,7095.91
2026-04-20 11:22:00,7096.02,7101.53,7096.02,7100.45
2026-04-20 11:23:00,7100.12,7100.98,7098.87,7100.60
2026-04-20 11:24:00,7100.45,7103.94,7100.39,7100.48
2026-04-20 11:25:00,7100.36,7101.55,7099.76,7101.47
2026-04-20 11:26:00,7101.40,7105.05,7101.40,7103.87
2026-04-20 11:27:00,7103.58,7103.99,7102.38,7103.75
2026-04-20 11:28:00,7103.57,7103.57,7101.07,7101.85
2026-04-20 11:29:00,7101.87,7107.37,7100.92,7107.37
2026-04-20 11:30:00,7106.96,7106.96,7103.34,7103.76
2026-04-20 11:31:00,7103.61,7103.91,7102.20,7102.20
2026-04-20 11:32:00,7102.02,7103.29,7101.35,7101.72
2026-04-20 11:33:00,7101.57,7102.70,7101.52,7102.57
2026-04-20 11:34:00,7102.59,7102.61,7098.40,7099.39
2026-04-20 11:35:00,7099.49,7100.08,7098.85,7099.98
2026-04-20 11:36:00,7100.03,7100.13,7096.74,7097.12
2026-04-20 11:37:00,7097.40,7098.49,7096.65,7098.45
2026-04-20 11:38:00,7098.48,7099.66,7098.48,7099.53
2026-04-20 11:39:00,7099.56,7100.58,7099.31,7100.39
2026-04-20 11:40:00,7100.36,7102.46,7100.25,7102.46
2026-04-20 11:41:00,7102.50,7103.88,7102.50,7103.26
2026-04-20 11:42:00,7103.22,7103.22,7101.07,7101.07
2026-04-20 11:43:00,7100.93,7101.03,7099.73,7100.11
2026-04-20 11:44:00,7100.13,7100.13,7098.28,7099.11
2026-04-20 11:45:00,7099.30,7099.30,7097.10,7098.10
2026-04-20 11:46:00,7098.30,7099.94,7098.30,7099.50
2026-04-20 11:47:00,7099.48,7101.05,7099.40,7100.59
2026-04-20 11:48:00,7100.65,7102.06,7100.65,7101.16
2026-04-20 11:49:00,7101.12,7101.31,7099.15,7099.21
2026-04-20 11:50:00,7099.09,7099.09,7096.54,7096.54
2026-04-20 11:51:00,7096.38,7096.47,7095.18,7096.39
2026-04-20 11:52:00,7096.50,7097.87,7096.50,7096.71
2026-04-20 11:53:00,7096.67,7098.46,7096.25,7097.78
2026-04-20 11:54:00,7097.72,7098.98,7097.60,7098.73
2026-04-20 11:55:00,7098.84,7100.90,7098.84,7100.73
2026-04-20 11:56:00,7100.71,7101.17,7100.38,7100.61
2026-04-20 11:57:00,7100.57,7100.87,7099.74,7099.80
2026-04-20 11:58:00,7099.81,7100.37,7099.21,7099.43
2026-04-20 11:59:00,7099.41,7100.30,7099.41,7099.72
2026-04-20 12:00:00,7099.68,7100.55,7098.52,7099.40
2026-04-20 12:01:00,7099.37,7099.37,7097.24,7098.17
2026-04-20 12:02:00,7098.14,7098.20,7096.38,7097.16
2026-04-20 12:03:00,7097.17,7097.18,7095.47,7095.47
2026-04-20 12:04:00,7095.49,7095.77,7094.60,7095.40
2026-04-20 12:05:00,7095.35,7098.95,7094.94,7098.87
2026-04-20 12:06:00,7098.80,7099.58,7098.65,7098.91
2026-04-20 12:07:00,7098.93,7098.94,7097.35,7097.92
2026-04-20 12:08:00,7097.84,7099.59,7097.84,7098.86
2026-04-20 12:09:00,7098.87,7099.30,7097.84,7098.28
2026-04-20 12:10:00,7098.34,7100.00,7098.34,7099.35
2026-04-20 12:11:00,7099.18,7100.37,7099.18,7100.37
2026-04-20 12:12:00,7100.38,7100.90,7100.07,7100.64
2026-04-20 12:13:00,7100.56,7101.16,7099.89,7100.02
2026-04-20 12:14:00,7099.96,7100.31,7099.54,7099.83
2026-04-20 12:15:00,7099.87,7100.16,7098.24,7098.24
2026-04-20 12:16:00,7098.11,7098.11,7095.00,7095.00
2026-04-20 12:17:00,7095.25,7095.87,7094.14,7095.87
2026-04-20 12:18:00,7095.80,7096.84,7095.61,7096.62
2026-04-20 12:19:00,7096.64,7099.90,7096.56,7099.49
2026-04-20 12:20:00,7099.45,7101.48,7099.45,7101.39
2026-04-20 12:21:00,7101.36,7101.84,7099.87,7099.87
2026-04-20 12:22:00,7099.84,7099.90,7098.59,7098.59
2026-04-20 12:23:00,7098.60,7100.96,7098.14,7100.69
2026-04-20 12:24:00,7100.79,7100.91,7100.04,7100.22
2026-04-20 12:25:00,7100.15,7101.01,7099.71,7099.71
2026-04-20 12:26:00,7099.66,7100.38,7099.47,7099.84
2026-04-20 12:27:00,7099.85,7100.91,7099.80,7100.68
2026-04-20 12:28:00,7100.85,7101.65,7100.85,7101.40
2026-04-20 12:29:00,7101.31,7101.31,7100.17,7100.43
2026-04-20 12:30:00,7100.39,7102.15,7100.39,7101.72
2026-04-20 12:31:00,7101.71,7102.11,7101.34,7101.96
2026-04-20 12:32:00,7101.93,7102.03,7101.09,7102.03
2026-04-20 12:33:00,7101.85,7103.60,7101.85,7103.56
2026-04-20 12:34:00,7103.55,7104.59,7103.52,7103.62
2026-04-20 12:35:00,7103.50,7103.69,7101.63,7101.63
2026-04-20 12:36:00,7101.62,7101.76,7100.30,7100.94
2026-04-20 12:37:00,7100.95,7100.95,7098.45,7098.45
2026-04-20 12:38:00,7098.40,7099.52,7097.89,7099.35
2026-04-20 12:39:00,7099.34,7099.46,7098.79,7099.22
2026-04-20 12:40:00,7099.19,7099.19,7098.06,7099.02
2026-04-20 12:41:00,7099.05,7102.59,7099.05,7102.52
2026-04-20 12:42:00,7102.48,7103.46,7101.60,7102.58
2026-04-20 12:43:00,7102.67,7102.87,7101.88,7102.22
2026-04-20 12:44:00,7102.14,7102.24,7101.13,7101.13
2026-04-20 12:45:00,7101.15,7101.49,7100.62,7101.15
2026-04-20 12:46:00,7101.16,7102.10,7100.89,7101.15
2026-04-20 12:47:00,7101.20,7101.98,7100.82,7101.84
2026-04-20 12:48:00,7101.88,7102.38,7101.72,7101.76
2026-04-20 12:49:00,7101.77,7101.80,7100.14,7100.88
2026-04-20 12:50:00,7100.86,7101.37,7099.38,7099.58
2026-04-20 12:51:00,7099.65,7100.00,7098.91,7099.85
2026-04-20 12:52:00,7099.90,7101.41,7099.66,7101.41
2026-04-20 12:53:00,7101.34,7101.65,7100.17,7100.74
2026-04-20 12:54:00,7100.74,7101.26,7100.72,7101.04
2026-04-20 12:55:00,7101.11,7101.11,7098.85,7098.96
2026-04-20 12:56:00,7099.07,7099.37,7098.79,7099.26
2026-04-20 12:57:00,7099.25,7099.46,7098.71,7099.04
2026-04-20 12:58:00,7098.99,7099.98,7098.38,7099.81
2026-04-20 12:59:00,7099.66,7100.28,7099.28,7100.24
2026-04-20 13:00:00,7100.10,7101.00,7099.88,7100.76
2026-04-20 13:01:00,7100.58,7100.58,7098.99,7098.99
2026-04-20 13:02:00,7099.05,7101.64,7096.88,7100.66
2026-04-20 13:03:00,7100.79,7100.79,7099.11,7099.49
2026-04-20 13:04:00,7099.46,7100.39,7098.75,7098.75
2026-04-20 13:05:00,7098.69,7098.88,7098.03,7098.78
2026-04-20 13:06:00,7098.69,7100.74,7098.56,7100.32
2026-04-20 13:07:00,7100.35,7101.53,7100.24,7100.81
2026-04-20 13:08:00,7100.83,7101.83,7100.78,7101.76
2026-04-20 13:09:00,7101.80,7101.92,7101.31,7101.80
2026-04-20 13:10:00,7101.78,7102.47,7101.04,7101.33
2026-04-20 13:11:00,7101.30,7102.00,7101.04,7101.80
2026-04-20 13:12:00,7101.78,7102.61,7101.35,7102.54
2026-04-20 13:13:00,7102.56,7103.27,7102.51,7103.02
2026-04-20 13:14:00,7103.00,7104.54,7103.00,7104.20
2026-04-20 13:15:00,7104.21,7104.29,7103.44,7103.76
2026-04-20 13:16:00,7103.77,7104.52,7103.47,7104.46
2026-04-20 13:17:00,7104.52,7105.68,7103.98,7105.68
2026-04-20 13:18:00,7105.72,7106.31,7105.21,7106.27
2026-04-20 13:19:00,7106.15,7107.01,7106.09,7106.42
2026-04-20 13:20:00,7106.34,7106.37,7104.40,7104.40
2026-04-20 13:21:00,7104.41,7104.75,7104.28,7104.66
2026-04-20 13:22:00,7104.64,7106.10,7104.64,7105.94
2026-04-20 13:23:00,7106.13,7107.54,7106.13,7107.49
2026-04-20 13:24:00,7107.52,7107.80,7106.40,7106.40
2026-04-20 13:25:00,7106.37,7106.73,7105.84,7106.53
2026-04-20 13:26:00,7106.54,7106.54,7105.79,7106.28
2026-04-20 13:27:00,7106.18,7106.18,7104.99,7105.21
2026-04-20 13:28:00,7105.32,7105.32,7104.03,7104.71
2026-04-20 13:29:00,7104.71,7104.71,7103.29,7103.29
2026-04-20 13:30:00,7103.33,7103.52,7101.97,7102.13
2026-04-20 13:31:00,7102.09,7102.35,7101.75,7101.79
2026-04-20 13:32:00,7101.65,7101.71,7100.56,7100.79
2026-04-20 13:33:00,7100.73,7101.87,7100.29,7100.38
2026-04-20 13:34:00,7100.40,7101.48,7100.05,7100.59
2026-04-20 13:35:00,7100.65,7102.14,7100.48,7101.50
2026-04-20 13:36:00,7101.39,7102.00,7100.11,7101.94
2026-04-20 13:37:00,7102.00,7102.78,7101.32,7101.32
2026-04-20 13:38:00,7101.33,7101.93,7100.89,7101.63
2026-04-20 13:39:00,7101.77,7103.18,7101.59,7102.83
2026-04-20 13:40:00,7102.79,7105.63,7102.12,7103.82
2026-04-20 13:41:00,7103.86,7103.93,7101.74,7101.74
2026-04-20 13:42:00,7101.67,7101.95,7100.46,7100.73
2026-04-20 13:43:00,7100.69,7102.31,7100.61,7101.95
2026-04-20 13:44:00,7102.02,7103.07,7102.01,7103.07
2026-04-20 13:45:00,7103.08,7103.57,7102.95,7103.46
2026-04-20 13:46:00,7103.44,7103.51,7102.64,7103.09
2026-04-20 13:47:00,7103.19,7103.34,7102.64,7102.98
2026-04-20 13:48:00,7102.96,7103.86,7102.57,7103.81
2026-04-20 13:49:00,7103.79,7104.06,7103.26,7103.72
2026-04-20 13:50:00,7103.71,7103.97,7102.61,7103.34
2026-04-20 13:51:00,7103.39,7103.80,7102.65,7103.66
2026-04-20 13:52:00,7103.62,7103.62,7102.45,7102.99
2026-04-20 13:53:00,7102.97,7103.43,7102.91,7103.20
2026-04-20 13:54:00,7103.14,7104.17,7103.14,7104.08
2026-04-20 13:55:00,7104.03,7104.18,7102.29,7102.50
2026-04-20 13:56:00,7102.48,7102.99,7101.69,7102.04
2026-04-20 13:57:00,7101.92,7101.92,7101.09,7101.38
2026-04-20 13:58:00,7101.41,7101.72,7101.20,7101.53
2026-04-20 13:59:00,7101.45,7101.45,7100.70,7101.02
2026-04-20 14:00:00,7101.06,7101.53,7100.65,7100.73
2026-04-20 14:01:00,7100.68,7100.68,7099.72,7100.08
2026-04-20 14:02:00,7100.09,7100.63,7099.35,7100.45
2026-04-20 14:03:00,7100.52,7101.11,7100.52,7100.95
2026-04-20 14:04:00,7100.92,7101.23,7100.17,7101.19
2026-04-20 14:05:00,7101.15,7103.76,7101.15,7103.76
2026-04-20 14:06:00,7103.81,7105.08,7103.74,7105.06
2026-04-20 14:07:00,7104.91,7105.25,7104.30,7104.51
2026-04-20 14:08:00,7104.48,7106.00,7103.34,7104.58
2026-04-20 14:09:00,7104.58,7105.46,7104.30,7105.46
2026-04-20 14:10:00,7105.51,7105.99,7104.68,7104.79
2026-04-20 14:11:00,7104.87,7105.46,7100.15,7101.70
2026-04-20 14:12:00,7101.97,7104.18,7101.95,7104.18
2026-04-20 14:13:00,7104.10,7105.25,7103.92,7105.23
2026-04-20 14:14:00,7105.30,7106.02,7104.89,7105.88
2026-04-20 14:15:00,7105.88,7106.37,7105.55,7105.56
2026-04-20 14:16:00,7105.46,7106.01,7105.08,7106.01
2026-04-20 14:17:00,7106.00,7106.96,7105.85,7106.96
2026-04-20 14:18:00,7106.88,7107.29,7106.42,7107.29
2026-04-20 14:19:00,7107.23,7108.30,7107.17,7108.11
2026-04-20 14:20:00,7108.07,7109.50,7108.07,7109.30
2026-04-20 14:21:00,7109.21,7109.21,7107.11,7107.39
2026-04-20 14:22:00,7107.33,7108.41,7107.27,7108.14
2026-04-20 14:23:00,7108.14,7109.60,7108.12,7109.37
2026-04-20 14:24:00,7109.38,7109.99,7109.38,7109.99
2026-04-20 14:25:00,7109.94,7109.94,7108.46,7108.74
2026-04-20 14:26:00,7108.76,7108.85,7107.59,7108.84
2026-04-20 14:27:00,7108.96,7109.38,7108.67,7109.21
2026-04-20 14:28:00,7109.31,7109.62,7105.61,7107.76
2026-04-20 14:29:00,7107.80,7108.36,7107.16,7107.21
2026-04-20 14:30:00,7107.24,7108.17,7105.44,7105.54
2026-04-20 14:31:00,7105.58,7106.16,7105.11,7105.17
2026-04-20 14:32:00,7105.17,7105.17,7104.00,7104.76
2026-04-20 14:33:00,7104.75,7106.51,7104.75,7105.92
2026-04-20 14:34:00,7105.94,7107.06,7105.94,7107.06
2026-04-20 14:35:00,7107.03,7107.57,7106.69,7106.85
2026-04-20 14:36:00,7106.81,7107.17,7103.89,7104.51
2026-04-20 14:37:00,7104.67,7105.15,7104.31,7104.74
2026-04-20 14:38:00,7104.75,7104.92,7103.61,7103.61
2026-04-20 14:39:00,7103.52,7103.82,7103.29,7103.29
2026-04-20 14:40:00,7103.32,7105.35,7102.73,7104.96
2026-04-20 14:41:00,7104.83,7105.27,7104.59,7105.13
2026-04-20 14:42:00,7105.01,7106.05,7104.87,7105.43
2026-04-20 14:43:00,7105.45,7106.77,7105.38,7106.26
2026-04-20 14:44:00,7106.23,7106.23,7105.46,7105.46
2026-04-20 14:45:00,7105.44,7105.56,7104.71,7105.17
2026-04-20 14:46:00,7105.18,7106.40,7105.18,7106.12
2026-04-20 14:47:00,7106.13,7106.38,7105.87,7106.26
2026-04-20 14:48:00,7106.26,7106.82,7105.89,7106.79
2026-04-20 14:49:00,7106.73,7107.45,7106.73,7107.27
2026-04-20 14:50:00,7107.23,7108.87,7107.23,7108.09
2026-04-20 14:51:00,7108.23,7108.76,7108.23,7108.65
2026-04-20 14:52:00,7108.65,7108.67,7108.19,7108.29
2026-04-20 14:53:00,7108.30,7109.25,7108.30,7109.25
2026-04-20 14:54:00,7109.30,7109.79,7108.92,7109.77
2026-04-20 14:55:00,7109.77,7109.96,7108.62,7108.68
2026-04-20 14:56:00,7108.85,7109.44,7108.51,7108.54
2026-04-20 14:57:00,7108.53,7108.53,7107.52,7107.65
2026-04-20 14:58:00,7107.62,7107.64,7106.89,7107.17
2026-04-20 14:59:00,7107.12,7107.12,7106.05,7106.61
2026-04-20 15:00:00,7106.62,7108.20,7106.47,7108.12
2026-04-20 15:01:00,7108.09,7108.10,7107.33,7107.50
2026-04-20 15:02:00,7107.37,7107.45,7106.95,7106.95
2026-04-20 15:03:00,7107.05,7107.12,7105.88,7106.08
2026-04-20 15:04:00,7106.20,7106.42,7105.89,7106.42
2026-04-20 15:05:00,7106.41,7107.77,7106.27,7107.59
2026-04-20 15:06:00,7107.46,7109.18,7107.46,7108.93
2026-04-20 15:07:00,7108.97,7108.97,7107.99,7108.30
2026-04-20 15:08:00,7108.31,7108.52,7107.45,7108.00
2026-04-20 15:09:00,7107.97,7108.15,7107.72,7107.95
2026-04-20 15:10:00,7107.91,7108.05,7106.83,7107.27
2026-04-20 15:11:00,7107.36,7107.68,7107.04,7107.41
2026-04-20 15:12:00,7107.32,7107.96,7107.25,7107.58
2026-04-20 15:13:00,7107.57,7108.40,7107.52,7107.70
2026-04-20 15:14:00,7107.73,7108.67,7107.73,7108.47
2026-04-20 15:15:00,7108.21,7108.55,7107.50,7107.53
2026-04-20 15:16:00,7107.46,7107.61,7106.58,7106.58
2026-04-20 15:17:00,7106.56,7107.28,7106.37,7106.84
2026-04-20 15:18:00,7106.87,7106.95,7106.44,7106.95
2026-04-20 15:19:00,7106.86,7106.89,7106.60,7106.82
2026-04-20 15:20:00,7106.87,7107.29,7105.72,7105.86
2026-04-20 15:21:00,7105.85,7106.59,7105.64,7106.20
2026-04-20 15:22:00,7106.16,7106.67,7105.98,7106.21
2026-04-20 15:23:00,7106.29,7106.31,7105.03,7105.22
2026-04-20 15:24:00,7105.20,7105.77,7105.16,7105.25
2026-04-20 15:25:00,7105.25,7105.67,7104.14,7104.14
2026-04-20 15:26:00,7104.27,7104.46,7103.68,7103.78
2026-04-20 15:27:00,7103.76,7104.23,7103.76,7103.90
2026-04-20 15:28:00,7103.85,7105.22,7103.85,7104.17
2026-04-20 15:29:00,7104.20,7105.06,7104.03,7104.28
2026-04-20 15:30:00,7104.31,7104.44,7103.43,7103.50
2026-04-20 15:31:00,7103.49,7104.94,7103.49,7104.94
2026-04-20 15:32:00,7104.94,7105.44,7104.57,7104.57
2026-04-20 15:33:00,7104.55,7104.55,7102.64,7102.64
2026-04-20 15:34:00,7102.60,7102.95,7101.97,7102.05
2026-04-20 15:35:00,7102.00,7103.02,7101.27,7102.72
2026-04-20 15:36:00,7102.72,7103.82,7102.58,7103.02
2026-04-20 15:37:00,7102.99,7103.35,7102.75,7102.97
2026-04-20 15:38:00,7102.89,7103.75,7102.20,7102.34
2026-04-20 15:39:00,7102.29,7103.05,7102.23,7103.05
2026-04-20 15:40:00,7103.01,7103.83,7102.67,7102.68
2026-04-20 15:41:00,7102.56,7102.59,7101.71,7102.31
2026-04-20 15:42:00,7102.30,7102.49,7101.71,7102.13
2026-04-20 15:43:00,7102.23,7102.53,7101.33,7101.33
2026-04-20 15:44:00,7101.34,7101.34,7100.05,7100.49
2026-04-20 15:45:00,7100.44,7101.18,7100.36,7100.57
2026-04-20 15:46:00,7100.50,7101.06,7099.73,7100.87
2026-04-20 15:47:00,7100.83,7102.05,7100.60,7101.89
2026-04-20 15:48:00,7101.95,7102.02,7101.07,7101.82
2026-04-20 15:49:00,7101.78,7102.64,7101.21,7102.64
2026-04-20 15:50:00,7102.71,7103.78,7101.64,7101.64
2026-04-20 15:51:00,7101.59,7103.62,7101.59,7102.03
2026-04-20 15:52:00,7102.04,7102.04,7100.99,7101.56
2026-04-20 15:53:00,7101.57,7104.24,7101.57,7103.50
2026-04-20 15:54:00,7103.61,7105.77,7103.00,7103.79
2026-04-20 15:55:00,7103.78,7104.64,7101.46,7103.95
2026-04-20 15:56:00,7103.79,7105.75,7103.79,7105.57
2026-04-20 15:57:00,7105.56,7106.59,7105.36,7106.52
2026-04-20 15:58:00,7106.05,7108.50,7105.96,7107.89
2026-04-20 15:59:00,7108.11,7110.38,7108.11,7110.38
2026-04-20 16:00:00,7109.61,7109.71,7109.17,7109.17
2026-04-20 16:01:00,7109.17,7109.18,7109.15,7109.15
2026-04-20 16:02:00,7109.15,7109.15,7109.13,7109.14
2026-04-20 16:03:00,7109.14,7109.14,7109.14,7109.14
2026-04-20 16:04:00,7109.14,7109.14,7109.14,7109.14
2026-04-20 16:05:00,7109.14,7109.14,7109.14,7109.14
2026-04-20 16:06:00,7109.14,7109.14,7109.14,7109.14
2026-04-20 16:07:00,7109.14,7109.14,7109.14,7109.14
2026-04-20 16:08:00,7109.14,7109.14,7109.14,7109.14
2026-04-20 16:09:00,7109.14,7109.14,7109.14,7109.14
2026-04-20 16:10:00,7109.14,7109.14,7109.14,7109.14
2026-04-20 16:11:00,7109.14,7109.14,7109.14,7109.14
2026-04-20 16:12:00,7109.14,7109.14,7109.14,7109.14
2026-04-20 16:13:00,7109.14,7109.14,7109.14,7109.14
2026-04-20 16:14:00,7109.14,7109.14,7109.14,7109.14
2026-04-20 16:15:00,7109.14,7109.14,7109.14,7109.14
2026-04-20 16:16:00,7109.14,7109.14,7109.14,7109.14
2026-04-20 16:17:00,7109.14,7109.14,7109.14,7109.14
2026-04-20 16:18:00,7109.14,7109.14,7109.14,7109.14
2026-04-20 16:19:00,7109.14,7109.14,7109.14,7109.14
2026-04-20 16:20:00,7109.14,7109.14,7109.14,7109.14
2026-04-20 16:39:00,7109.14,7109.14,7109.14,7109.14
2026-04-21 09:30:00,7122.64,7129.29,7119.97,7121.29
2026-04-21 09:31:00,7121.18,7121.18,7114.76,7116.37
2026-04-21 09:32:00,7115.98,7119.50,7115.73,7118.60
2026-04-21 09:33:00,7118.52,7120.14,7115.85,7118.25
2026-04-21 09:34:00,7117.39,7118.42,7115.56,7117.72
2026-04-21 09:35:00,7117.85,7118.00,7111.67,7114.18
2026-04-21 09:36:00,7114.03,7116.43,7114.03,7114.22
2026-04-21 09:37:00,7114.19,7115.63,7113.27,7114.06
2026-04-21 09:38:00,7113.38,7115.54,7112.81,7113.37
2026-04-21 09:39:00,7113.49,7114.76,7111.05,7113.89
2026-04-21 09:40:00,7113.54,7118.17,7113.32,7117.79
2026-04-21 09:41:00,7117.88,7118.45,7114.92,7116.29
2026-04-21 09:42:00,7116.25,7118.47,7115.99,7117.54
2026-04-21 09:43:00,7117.54,7119.88,7116.71,7118.99
2026-04-21 09:44:00,7118.63,7120.36,7117.48,7120.36
2026-04-21 09:45:00,7120.40,7122.17,7117.73,7119.15
2026-04-21 09:46:00,7119.26,7123.50,7117.87,7123.42
2026-04-21 09:47:00,7123.02,7126.49,7122.92,7125.66
2026-04-21 09:48:00,7125.72,7128.76,7125.72,7128.62
2026-04-21 09:49:00,7128.82,7129.04,7125.68,7126.15
2026-04-21 09:50:00,7126.34,7127.58,7125.79,7127.24
2026-04-21 09:51:00,7126.75,7127.96,7125.42,7127.29
2026-04-21 09:52:00,7127.50,7130.05,7127.27,7129.95
2026-04-21 09:53:00,7129.74,7132.48,7129.53,7132.29
2026-04-21 09:54:00,7132.46,7132.56,7130.04,7130.91
2026-04-21 09:55:00,7130.95,7132.82,7130.34,7131.87
2026-04-21 09:56:00,7131.96,7133.30,7131.13,7132.23
2026-04-21 09:57:00,7132.47,7132.93,7130.98,7130.98
2026-04-21 09:58:00,7131.05,7132.59,7130.45,7131.30
2026-04-21 09:59:00,7131.37,7132.13,7131.15,7131.64
2026-04-21 10:00:00,7131.30,7132.97,7129.34,7131.83
2026-04-21 10:01:00,7131.86,7134.03,7131.21,7134.03
2026-04-21 10:02:00,7133.84,7133.84,7131.18,7132.89
2026-04-21 10:03:00,7133.04,7133.27,7130.76,7130.92
2026-04-21 10:04:00,7131.00,7131.65,7130.21,7130.95
2026-04-21 10:05:00,7130.88,7132.53,7130.15,7132.25
2026-04-21 10:06:00,7132.21,7132.62,7131.35,7131.37
2026-04-21 10:07:00,7131.39,7133.50,7131.31,7133.33
2026-04-21 10:08:00,7133.21,7135.33,7132.97,7135.01
2026-04-21 10:09:00,7135.10,7136.28,7134.95,7135.39
2026-04-21 10:10:00,7135.19,7135.19,7131.31,7132.45
2026-04-21 10:11:00,7132.79,7135.87,7132.79,7135.87
2026-04-21 10:12:00,7135.32,7135.32,7133.45,7134.61
2026-04-21 10:13:00,7134.79,7135.16,7133.19,7134.33
2026-04-21 10:14:00,7134.45,7135.67,7134.04,7134.21
2026-04-21 10:15:00,7134.26,7136.07,7134.26,7135.51
2026-04-21 10:16:00,7135.50,7135.92,7134.57,7135.76
2026-04-21 10:17:00,7135.70,7137.27,7135.55,7135.88
2026-04-21 10:18:00,7135.91,7135.91,7133.28,7133.78
2026-04-21 10:19:00,7133.80,7134.27,7132.24,7132.78
2026-04-21 10:20:00,7132.53,7132.59,7128.21,7128.37
2026-04-21 10:21:00,7129.11,7130.06,7129.01,7129.42
2026-04-21 10:22:00,7129.33,7130.15,7129.08,7129.94
2026-04-21 10:23:00,7130.01,7130.43,7126.12,7126.40
2026-04-21 10:24:00,7126.48,7127.76,7125.69,7126.72
2026-04-21 10:25:00,7126.75,7128.55,7126.64,7128.29
2026-04-21 10:26:00,7128.33,7129.85,7127.49,7129.72
2026-04-21 10:27:00,7129.59,7130.30,7128.38,7129.32
2026-04-21 10:28:00,7129.26,7130.20,7127.08,7128.07
2026-04-21 10:29:00,7128.05,7129.61,7127.35,7129.41
2026-04-21 10:30:00,7129.42,7131.45,7128.73,7129.55
2026-04-21 10:31:00,7129.47,7130.13,7127.92,7128.17
2026-04-21 10:32:00,7128.26,7128.48,7126.74,7127.42
2026-04-21 10:33:00,7127.47,7127.83,7125.75,7126.44
2026-04-21 10:34:00,7126.36,7127.08,7124.42,7126.14
2026-04-21 10:35:00,7126.19,7126.53,7125.10,7126.30
2026-04-21 10:36:00,7126.62,7126.76,7125.14,7125.71
2026-04-21 10:37:00,7125.81,7125.87,7123.12,7123.64
2026-04-21 10:38:00,7123.64,7124.72,7123.64,7124.50
2026-04-21 10:39:00,7124.72,7125.15,7122.97,7123.35
2026-04-21 10:40:00,7123.38,7124.63,7121.74,7123.66
2026-04-21 10:41:00,7123.78,7128.69,7122.68,7126.22
2026-04-21 10:42:00,7125.43,7126.17,7123.43,7125.35
2026-04-21 10:43:00,7125.32,7125.86,7123.78,7124.80
2026-04-21 10:44:00,7124.77,7125.07,7123.26,7123.26
2026-04-21 10:45:00,7123.27,7123.52,7119.70,7120.49
2026-04-21 10:46:00,7120.02,7120.02,7115.89,7117.47
2026-04-21 10:47:00,7117.81,7117.81,7115.03,7115.84
2026-04-21 10:48:00,7115.75,7115.93,7113.47,7115.58
2026-04-21 10:49:00,7115.56,7117.18,7115.02,7115.09
2026-04-21 10:50:00,7115.14,7116.30,7113.59,7113.73
2026-04-21 10:51:00,7113.65,7114.64,7110.91,7112.44
2026-04-21 10:52:00,7112.35,7113.80,7111.47,7112.99
2026-04-21 10:53:00,7113.07,7115.57,7113.07,7115.45
2026-04-21 10:54:00,7115.35,7115.53,7113.32,7114.04
2026-04-21 10:55:00,7114.10,7114.10,7110.85,7112.27
2026-04-21 10:56:00,7111.98,7112.61,7110.68,7111.03
2026-04-21 10:57:00,7111.02,7111.12,7106.71,7107.01
2026-04-21 10:58:00,7107.01,7107.01,7102.69,7103.07
2026-04-21 10:59:00,7103.01,7103.79,7098.31,7099.04
2026-04-21 11:00:00,7098.86,7101.69,7092.89,7095.27
2026-04-21 11:01:00,7095.28,7096.72,7090.23,7091.71
2026-04-21 11:02:00,7091.72,7094.61,7090.39,7090.70
2026-04-21 11:03:00,7090.52,7090.54,7086.51,7087.11
2026-04-21 11:04:00,7087.27,7092.89,7087.02,7090.57
2026-04-21 11:05:00,7090.56,7091.04,7085.38,7086.71
2026-04-21 11:06:00,7087.02,7089.82,7086.76,7089.60
2026-04-21 11:07:00,7089.50,7097.67,7089.11,7097.27
2026-04-21 11:08:00,7097.13,7099.94,7095.88,7098.25
2026-04-21 11:09:00,7098.29,7101.64,7098.09,7101.09
2026-04-21 11:10:00,7101.15,7104.12,7101.05,7103.96
2026-04-21 11:11:00,7103.93,7104.00,7102.17,7102.23
2026-04-21 11:12:00,7102.16,7103.48,7101.72,7102.33
2026-04-21 11:13:00,7102.29,7102.73,7101.80,7101.92
2026-04-21 11:14:00,7101.99,7103.93,7101.99,7102.86
2026-04-21 11:15:00,7102.81,7105.22,7102.79,7103.05
2026-04-21 11:16:00,7103.35,7103.42,7098.48,7099.00
2026-04-21 11:17:00,7099.01,7099.09,7097.53,7098.33
2026-04-21 11:18:00,7098.76,7099.60,7097.13,7098.96
2026-04-21 11:19:00,7099.08,7102.73,7098.92,7101.99
2026-04-21 11:20:00,7101.98,7103.30,7101.73,7101.87
2026-04-21 11:21:00,7101.85,7101.85,7099.30,7101.10
2026-04-21 11:22:00,7101.15,7101.41,7098.76,7099.37
2026-04-21 11:23:00,7099.47,7100.34,7095.75,7096.87
2026-04-21 11:24:00,7096.84,7097.02,7095.68,7096.15
2026-04-21 11:25:00,7096.25,7096.25,7093.38,7093.95
2026-04-21 11:26:00,7093.87,7093.87,7089.51,7090.40
2026-04-21 11:27:00,7090.14,7090.14,7087.19,7089.43
2026-04-21 11:28:00,7089.49,7091.80,7089.35,7089.72
2026-04-21 11:29:00,7089.76,7090.87,7088.52,7090.35
2026-04-21 11:30:00,7090.35,7091.93,7090.13,7091.73
2026-04-21 11:31:00,7091.76,7094.22,7091.76,7093.44
2026-04-21 11:32:00,7093.53,7096.47,7093.17,7096.10
2026-04-21 11:33:00,7096.23,7097.38,7094.35,7094.37
2026-04-21 11:34:00,7094.66,7094.66,7092.73,7093.23
2026-04-21 11:35:00,7093.15,7093.26,7088.70,7088.77
2026-04-21 11:36:00,7089.13,7089.26,7084.30,7085.05
2026-04-21 11:37:00,7085.09,7089.05,7085.05,7088.74
2026-04-21 11:38:00,7088.85,7089.41,7086.09,7087.84
2026-04-21 11:39:00,7087.89,7089.95,7087.89,7089.66
2026-04-21 11:40:00,7090.45,7091.46,7089.30,7089.66
2026-04-21 11:41:00,7089.61,7090.14,7088.47,7088.88
2026-04-21 11:42:00,7088.78,7091.95,7088.57,7091.95
2026-04-21 11:43:00,7091.88,7094.16,7091.88,7092.79
2026-04-21 11:44:00,7092.71,7094.87,7092.71,7093.45
2026-04-21 11:45:00,7093.48,7093.80,7092.26,7092.81
2026-04-21 11:46:00,7092.81,7092.89,7090.86,7091.92
2026-04-21 11:47:00,7092.00,7096.28,7092.00,7096.00
2026-04-21 11:48:00,7095.95,7097.27,7095.74,7097.13
2026-04-21 11:49:00,7097.08,7097.55,7094.41,7094.41
2026-04-21 11:50:00,7094.48,7094.48,7090.46,7091.04
2026-04-21 11:51:00,7091.12,7091.56,7089.92,7090.63
2026-04-21 11:52:00,7090.65,7090.65,7089.45,7089.94
2026-04-21 11:53:00,7089.67,7091.21,7089.17,7090.08
2026-04-21 11:54:00,7090.01,7090.01,7088.54,7088.68
2026-04-21 11:55:00,7089.07,7090.43,7088.87,7090.26
2026-04-21 11:56:00,7090.32,7092.32,7089.74,7092.28
2026-04-21 11:57:00,7092.34,7093.49,7092.34,7092.84
2026-04-21 11:58:00,7092.69,7092.69,7090.89,7091.24
2026-04-21 11:59:00,7091.18,7091.38,7089.50,7091.05
2026-04-21 12:00:00,7090.96,7097.33,7090.96,7097.33
2026-04-21 12:01:00,7097.44,7100.33,7097.00,7097.75
2026-04-21 12:02:00,7097.56,7099.67,7097.52,7099.67
2026-04-21 12:03:00,7099.24,7101.45,7095.00,7096.35
2026-04-21 12:04:00,7096.42,7096.51,7094.51,7096.07
2026-04-21 12:05:00,7095.70,7095.70,7094.03,7094.75
2026-04-21 12:06:00,7094.12,7095.78,7093.64,7095.68
2026-04-21 12:07:00,7095.79,7095.79,7093.71,7094.70
2026-04-21 12:08:00,7094.66,7097.10,7094.18,7095.75
2026-04-21 12:09:00,7095.76,7098.25,7095.53,7097.82
2026-04-21 12:10:00,7097.74,7097.77,7094.91,7096.10
2026-04-21 12:11:00,7096.15,7096.18,7092.32,7092.39
2026-04-21 12:12:00,7092.68,7093.29,7091.44,7092.25
2026-04-21 12:13:00,7092.36,7092.82,7091.68,7091.68
2026-04-21 12:14:00,7091.77,7092.45,7090.13,7092.45
2026-04-21 12:15:00,7092.52,7093.85,7092.51,7093.16
2026-04-21 12:16:00,7093.15,7093.22,7091.75,7092.78
2026-04-21 12:17:00,7092.60,7094.55,7092.58,7094.34
2026-04-21 12:18:00,7094.28,7095.58,7094.21,7095.24
2026-04-21 12:19:00,7095.15,7095.28,7093.62,7094.43
2026-04-21 12:20:00,7094.27,7094.35,7089.49,7090.34
2026-04-21 12:21:00,7090.26,7090.45,7089.86,7090.18
2026-04-21 12:22:00,7090.16,7092.82,7090.16,7092.18
2026-04-21 12:23:00,7092.01,7092.01,7088.72,7088.87
2026-04-21 12:24:00,7088.84,7090.05,7088.28,7089.27
2026-04-21 12:25:00,7089.35,7089.48,7088.05,7088.07
2026-04-21 12:26:00,7088.26,7089.34,7087.55,7089.24
2026-04-21 12:27:00,7089.34,7089.82,7088.98,7089.13
2026-04-21 12:28:00,7089.10,7089.15,7086.75,7087.37
2026-04-21 12:29:00,7087.25,7087.67,7086.58,7087.11
2026-04-21 12:30:00,7087.13,7091.11,7086.78,7090.86
2026-04-21 12:31:00,7090.71,7092.16,7090.71,7092.16
2026-04-21 12:32:00,7092.02,7092.56,7091.33,7092.12
2026-04-21 12:33:00,7092.15,7092.95,7091.69,7091.99
2026-04-21 12:34:00,7092.20,7092.94,7091.99,7092.94
2026-04-21 12:35:00,7092.96,7094.92,7092.96,7094.23
2026-04-21 12:36:00,7094.23,7094.23,7091.40,7091.96
2026-04-21 12:37:00,7091.85,7091.85,7087.81,7088.45
2026-04-21 12:38:00,7088.39,7088.39,7086.77,7086.93
2026-04-21 12:39:00,7086.97,7089.13,7086.97,7088.68
2026-04-21 12:40:00,7088.60,7089.69,7088.60,7088.66
2026-04-21 12:41:00,7088.61,7088.61,7086.84,7086.91
2026-04-21 12:42:00,7086.77,7087.08,7085.78,7086.53
2026-04-21 12:43:00,7086.59,7086.65,7083.34,7083.51
2026-04-21 12:44:00,7083.46,7083.46,7081.03,7082.30
2026-04-21 12:45:00,7082.37,7085.60,7082.37,7085.47
2026-04-21 12:46:00,7085.41,7088.07,7084.83,7088.06
2026-04-21 12:47:00,7087.97,7088.04,7086.84,7087.67
2026-04-21 12:48:00,7087.72,7089.12,7087.28,7089.12
2026-04-21 12:49:00,7089.20,7089.88,7088.74,7089.84
2026-04-21 12:50:00,7089.70,7090.06,7088.41,7088.54
2026-04-21 12:51:00,7088.57,7089.27,7086.42,7086.58
2026-04-21 12:52:00,7086.56,7087.27,7086.04,7086.83
2026-04-21 12:53:00,7086.75,7086.77,7086.16,7086.49
2026-04-21 12:54:00,7086.53,7086.53,7084.57,7084.83
2026-04-21 12:55:00,7085.11,7085.26,7083.58,7083.58
2026-04-21 12:56:00,7083.59,7083.59,7081.64,7081.87
2026-04-21 12:57:00,7081.88,7082.92,7081.27,7081.77
2026-04-21 12:58:00,7081.69,7082.10,7081.01,7081.11
2026-04-21 12:59:00,7081.18,7081.18,7079.44,7079.94
2026-04-21 13:00:00,7079.82,7082.49,7079.77,7082.34
2026-04-21 13:01:00,7082.37,7085.29,7082.30,7085.29
2026-04-21 13:02:00,7085.06,7086.87,7085.06,7086.35
2026-04-21 13:03:00,7086.37,7086.81,7085.05,7085.05
2026-04-21 13:04:00,7085.08,7085.19,7083.85,7083.85
2026-04-21 13:05:00,7083.89,7083.89,7074.94,7077.90
2026-04-21 13:06:00,7077.82,7078.51,7072.16,7073.58
2026-04-21 13:07:00,7073.56,7075.42,7073.56,7075.08
2026-04-21 13:08:00,7075.09,7076.99,7073.88,7075.50
2026-04-21 13:09:00,7075.57,7079.94,7073.30,7078.90
2026-04-21 13:10:00,7079.04,7079.04,7071.02,7075.21
2026-04-21 13:11:00,7075.02,7075.08,7071.98,7073.26
2026-04-21 13:12:00,7073.44,7074.36,7067.47,7070.40
2026-04-21 13:13:00,7070.43,7070.87,7069.49,7070.75
2026-04-21 13:14:00,7070.59,7071.68,7070.08,7070.73
2026-04-21 13:15:00,7070.71,7071.63,7069.17,7070.18
2026-04-21 13:16:00,7070.15,7072.58,7070.15,7071.56
2026-04-21 13:17:00,7071.70,7071.70,7069.70,7069.70
2026-04-21 13:18:00,7069.64,7069.64,7065.43,7065.82
2026-04-21 13:19:00,7065.85,7065.85,7063.47,7063.79
2026-04-21 13:20:00,7064.02,7064.82,7062.09,7064.51
2026-04-21 13:21:00,7064.47,7067.38,7063.85,7067.15
2026-04-21 13:22:00,7067.31,7067.93,7064.88,7065.50
2026-04-21 13:23:00,7065.62,7066.71,7065.10,7066.71
2026-04-21 13:24:00,7066.76,7069.09,7066.62,7067.87
2026-04-21 13:25:00,7067.77,7072.89,7067.77,7071.78
2026-04-21 13:26:00,7071.74,7072.47,7070.92,7071.25
2026-04-21 13:27:00,7071.22,7071.28,7069.41,7069.41
2026-04-21 13:28:00,7069.09,7069.09,7067.68,7068.33
2026-04-21 13:29:00,7068.38,7069.92,7068.31,7069.78
2026-04-21 13:30:00,7069.73,7072.86,7069.57,7072.72
2026-04-21 13:31:00,7072.79,7072.95,7071.09,7071.75
2026-04-21 13:32:00,7071.84,7073.98,7071.84,7073.69
2026-04-21 13:33:00,7074.14,7076.38,7074.14,7076.18
2026-04-21 13:34:00,7076.08,7077.01,7074.93,7075.74
2026-04-21 13:35:00,7075.62,7075.62,7073.47,7073.74
2026-04-21 13:36:00,7073.93,7075.47,7073.52,7074.90
2026-04-21 13:37:00,7075.18,7076.12,7075.18,7075.69
2026-04-21 13:38:00,7075.73,7086.99,7075.73,7085.77
2026-04-21 13:39:00,7085.63,7090.74,7083.41,7086.74
2026-04-21 13:40:00,7086.83,7090.40,7086.07,7087.15
2026-04-21 13:41:00,7087.18,7089.70,7087.18,7089.57
2026-04-21 13:42:00,7089.50,7091.83,7088.66,7091.80
2026-04-21 13:43:00,7091.27,7095.79,7088.51,7091.85
2026-04-21 13:44:00,7091.34,7091.34,7089.02,7089.24
2026-04-21 13:45:00,7089.13,7089.17,7085.86,7086.83
2026-04-21 13:46:00,7086.84,7086.84,7083.63,7084.69
2026-04-21 13:47:00,7084.77,7084.77,7082.19,7083.13
2026-04-21 13:48:00,7083.22,7085.85,7082.36,7084.67
2026-04-21 13:49:00,7084.55,7085.62,7084.46,7085.35
2026-04-21 13:50:00,7085.22,7086.27,7084.24,7084.32
2026-04-21 13:51:00,7084.32,7085.79,7084.32,7085.78
2026-04-21 13:52:00,7085.83,7087.68,7085.83,7086.97
2026-04-21 13:53:00,7086.81,7086.90,7083.23,7083.62
2026-04-21 13:54:00,7083.62,7083.62,7080.58,7081.60
2026-04-21 13:55:00,7081.62,7081.62,7077.09,7078.48
2026-04-21 13:56:00,7078.51,7079.22,7077.60,7078.83
2026-04-21 13:57:00,7078.92,7080.29,7078.92,7080.29
2026-04-21 13:58:00,7080.30,7080.43,7079.21,7080.43
2026-04-21 13:59:00,7080.47,7081.67,7079.69,7081.55
2026-04-21 14:00:00,7081.47,7083.60,7081.47,7083.56
2026-04-21 14:01:00,7083.62,7086.17,7083.62,7086.17
2026-04-21 14:02:00,7086.24,7087.52,7085.01,7087.46
2026-04-21 14:03:00,7087.45,7087.81,7085.38,7085.64
2026-04-21 14:04:00,7085.58,7086.33,7083.36,7083.42
2026-04-21 14:05:00,7083.44,7086.40,7081.77,7084.82
2026-04-21 14:06:00,7084.70,7084.82,7083.89,7083.96
2026-04-21 14:07:00,7083.98,7084.86,7083.08,7083.75
2026-04-21 14:08:00,7083.96,7084.07,7082.53,7082.53
2026-04-21 14:09:00,7082.52,7083.68,7082.02,7082.04
2026-04-21 14:10:00,7082.03,7082.05,7079.02,7079.49
2026-04-21 14:11:00,7079.48,7080.40,7078.59,7080.40
2026-04-21 14:12:00,7080.61,7082.45,7080.61,7081.14
2026-04-21 14:13:00,7081.19,7081.46,7080.85,7081.01
2026-04-21 14:14:00,7081.17,7082.51,7080.97,7082.51
2026-04-21 14:15:00,7082.65,7084.27,7082.58,7084.12
2026-04-21 14:16:00,7084.20,7085.44,7072.25,7080.04
2026-04-21 14:17:00,7079.99,7080.28,7076.55,7078.82
2026-04-21 14:18:00,7078.93,7079.05,7075.10,7076.12
2026-04-21 14:19:00,7076.11,7076.33,7073.92,7074.91
2026-04-21 14:20:00,7074.83,7074.89,7073.77,7074.89
2026-04-21 14:21:00,7075.03,7076.15,7074.57,7075.26
2026-04-21 14:22:00,7075.28,7075.35,7072.18,7073.52
2026-04-21 14:23:00,7073.66,7075.28,7073.66,7074.76
2026-04-21 14:24:00,7074.74,7074.96,7073.16,7073.44
2026-04-21 14:25:00,7073.47,7075.54,7072.85,7075.54
2026-04-21 14:26:00,7075.64,7075.76,7074.28,7074.65
2026-04-21 14:27:00,7074.60,7075.10,7074.06,7074.09
2026-04-21 14:28:00,7073.78,7073.78,7072.82,7073.36
2026-04-21 14:29:00,7073.31,7074.49,7072.84,7074.45
2026-04-21 14:30:00,7074.36,7077.23,7074.36,7074.97
2026-04-21 14:31:00,7075.00,7076.37,7075.00,7076.07
2026-04-21 14:32:00,7076.12,7078.91,7076.12,7078.79
2026-04-21 14:33:00,7078.76,7080.31,7078.68,7080.28
2026-04-21 14:34:00,7080.27,7080.89,7080.21,7080.84
2026-04-21 14:35:00,7080.85,7080.95,7080.35,7080.68
2026-04-21 14:36:00,7080.54,7080.99,7079.91,7080.05
2026-04-21 14:37:00,7079.96,7079.96,7076.67,7076.82
2026-04-21 14:38:00,7076.87,7077.96,7076.09,7077.96
2026-04-21 14:39:00,7077.86,7077.93,7077.17,7077.71
2026-04-21 14:40:00,7077.69,7077.85,7077.14,7077.24
2026-04-21 14:41:00,7077.36,7078.86,7077.29,7077.88
2026-04-21 14:42:00,7077.96,7077.96,7076.85,7077.19
2026-04-21 14:43:00,7077.10,7077.76,7076.61,7077.26
2026-04-21 14:44:00,7077.27,7078.94,7077.27,7078.31
2026-04-21 14:45:00,7078.30,7078.30,7076.67,7077.56
2026-04-21 14:46:00,7077.58,7078.71,7077.49,7078.35
2026-04-21 14:47:00,7078.29,7078.67,7076.93,7077.18
2026-04-21 14:48:00,7077.24,7077.50,7075.99,7076.00
2026-04-21 14:49:00,7076.12,7076.57,7075.10,7075.26
2026-04-21 14:50:00,7075.29,7075.38,7074.29,7074.47
2026-04-21 14:51:00,7074.53,7076.01,7073.85,7075.82
2026-04-21 14:52:00,7075.83,7076.27,7075.48,7075.48
2026-04-21 14:53:00,7075.47,7076.06,7075.42,7075.75
2026-04-21 14:54:00,7075.79,7089.54,7075.53,7088.43
2026-04-21 14:55:00,7088.10,7091.13,7083.50,7084.92
2026-04-21 14:56:00,7084.57,7084.57,7081.99,7082.38
2026-04-21 14:57:00,7082.49,7087.55,7082.06,7085.55
2026-04-21 14:58:00,7085.61,7085.72,7083.88,7084.45
2026-04-21 14:59:00,7084.43,7087.39,7084.41,7087.39
2026-04-21 15:00:00,7087.28,7090.67,7087.28,7088.46
2026-04-21 15:01:00,7088.64,7091.69,7087.91,7089.65
2026-04-21 15:02:00,7089.65,7091.37,7089.46,7090.81
2026-04-21 15:03:00,7090.63,7091.93,7088.85,7089.28
2026-04-21 15:04:00,7089.37,7090.48,7088.68,7090.29
2026-04-21 15:05:00,7090.16,7092.17,7090.16,7091.89
2026-04-21 15:06:00,7091.90,7091.90,7090.05,7090.05
2026-04-21 15:07:00,7090.09,7090.09,7088.43,7089.65
2026-04-21 15:08:00,7089.90,7091.24,7089.90,7090.98
2026-04-21 15:09:00,7090.93,7091.55,7090.57,7090.61
2026-04-21 15:10:00,7090.67,7091.81,7090.15,7091.32
2026-04-21 15:11:00,7091.34,7092.35,7091.11,7092.24
2026-04-21 15:12:00,7092.17,7094.86,7092.05,7094.67
2026-04-21 15:13:00,7094.59,7096.01,7094.59,7095.55
2026-04-21 15:14:00,7095.45,7096.21,7087.16,7089.36
2026-04-21 15:15:00,7089.45,7091.99,7087.85,7090.23
2026-04-21 15:16:00,7090.21,7092.37,7090.21,7091.62
2026-04-21 15:17:00,7091.75,7091.75,7088.56,7090.12
2026-04-21 15:18:00,7090.16,7090.82,7089.74,7090.79
2026-04-21 15:19:00,7090.66,7090.66,7089.71,7090.58
2026-04-21 15:20:00,7090.55,7092.95,7090.55,7092.95
2026-04-21 15:21:00,7092.90,7097.49,7092.60,7095.15
2026-04-21 15:22:00,7095.09,7095.49,7094.66,7095.02
2026-04-21 15:23:00,7094.94,7098.06,7094.84,7098.06
2026-04-21 15:24:00,7098.02,7099.74,7098.02,7099.50
2026-04-21 15:25:00,7099.52,7101.35,7099.04,7101.24
2026-04-21 15:26:00,7101.26,7101.31,7098.47,7099.69
2026-04-21 15:27:00,7099.64,7099.86,7098.84,7099.15
2026-04-21 15:28:00,7099.16,7101.20,7099.13,7100.58
2026-04-21 15:29:00,7100.53,7101.28,7099.19,7101.10
2026-04-21 15:30:00,7101.08,7101.52,7100.25,7101.33
2026-04-21 15:31:00,7101.24,7102.45,7101.13,7102.09
2026-04-21 15:32:00,7102.16,7102.40,7100.59,7100.82
2026-04-21 15:33:00,7100.81,7100.81,7097.55,7097.79
2026-04-21 15:34:00,7097.79,7097.79,7095.65,7096.54
2026-04-21 15:35:00,7096.72,7096.72,7090.98,7090.98
2026-04-21 15:36:00,7090.79,7092.22,7089.86,7090.40
2026-04-21 15:37:00,7090.53,7090.54,7088.43,7088.99
2026-04-21 15:38:00,7089.25,7089.55,7081.43,7083.67
2026-04-21 15:39:00,7084.02,7085.59,7083.01,7085.59
2026-04-21 15:40:00,7085.63,7086.19,7081.79,7083.92
2026-04-21 15:41:00,7084.05,7085.56,7074.56,7074.56
2026-04-21 15:42:00,7074.62,7074.62,7062.05,7063.35
2026-04-21 15:43:00,7062.80,7062.80,7054.46,7055.93
2026-04-21 15:44:00,7056.06,7056.06,7050.20,7054.11
2026-04-21 15:45:00,7054.62,7060.56,7054.47,7057.71
2026-04-21 15:46:00,7057.59,7060.14,7056.66,7060.14
2026-04-21 15:47:00,7060.23,7067.21,7060.23,7065.55
2026-04-21 15:48:00,7065.63,7066.63,7061.81,7062.50
2026-04-21 15:49:00,7062.58,7063.82,7060.26,7063.33
2026-04-21 15:50:00,7063.48,7069.93,7063.48,7064.42
2026-04-21 15:51:00,7064.27,7064.27,7060.43,7061.39
2026-04-21 15:52:00,7061.62,7061.62,7057.55,7059.03
2026-04-21 15:53:00,7059.13,7061.75,7058.30,7060.09
2026-04-21 15:54:00,7060.67,7063.53,7059.70,7059.94
2026-04-21 15:55:00,7060.18,7065.86,7057.99,7064.94
2026-04-21 15:56:00,7064.72,7065.18,7062.93,7063.81
2026-04-21 15:57:00,7063.73,7063.73,7060.44,7062.96
2026-04-21 15:58:00,7062.93,7064.47,7062.23,7063.81
2026-04-21 15:59:00,7063.75,7066.58,7062.52,7064.31
2026-04-21 16:00:00,7064.44,7064.44,7064.02,7064.02
2026-04-21 16:01:00,7064.02,7064.02,7064.01,7064.02
2026-04-21 16:02:00,7064.02,7064.04,7064.00,7064.00
2026-04-21 16:03:00,7064.00,7064.01,7064.00,7064.01
2026-04-21 16:04:00,7064.01,7064.01,7064.01,7064.01
2026-04-21 16:05:00,7064.01,7064.01,7064.01,7064.01
2026-04-21 16:06:00,7064.01,7064.01,7064.01,7064.01
2026-04-21 16:07:00,7064.01,7064.01,7064.01,7064.01
2026-04-21 16:08:00,7064.01,7064.01,7064.01,7064.01
2026-04-21 16:09:00,7064.01,7064.01,7064.01,7064.01
2026-04-21 16:10:00,7064.01,7064.01,7064.01,7064.01
2026-04-21 16:11:00,7064.01,7064.01,7064.01,7064.01
2026-04-21 16:12:00,7064.01,7064.01,7064.01,7064.01
2026-04-21 16:13:00,7064.01,7064.01,7064.01,7064.01
2026-04-21 16:14:00,7064.01,7064.01,7064.01,7064.01
2026-04-21 16:15:00,7064.01,7064.01,7064.01,7064.01
2026-04-21 16:16:00,7064.01,7064.01,7064.01,7064.01
2026-04-21 16:17:00,7064.01,7064.01,7064.01,7064.01
2026-04-21 16:18:00,7064.01,7064.01,7064.01,7064.01
2026-04-21 16:19:00,7064.01,7064.01,7064.01,7064.01
2026-04-21 16:20:00,7064.01,7064.01,7064.01,7064.01
2026-04-21 16:47:00,7064.01,7064.01,7064.01,7064.01
2026-04-22 09:30:00,7102.91,7117.32,7102.91,7115.16
2026-04-22 09:31:00,7114.45,7116.66,7112.80,7115.49
2026-04-22 09:32:00,7115.05,7115.05,7111.48,7114.14
2026-04-22 09:33:00,7113.78,7114.65,7109.15,7113.23
2026-04-22 09:34:00,7113.06,7114.54,7109.19,7110.30
2026-04-22 09:35:00,7110.19,7110.19,7106.28,7106.54
2026-04-22 09:36:00,7107.07,7111.23,7107.03,7111.13
2026-04-22 09:37:00,7111.28,7113.41,7109.85,7113.34
2026-04-22 09:38:00,7113.63,7113.63,7110.75,7112.30
2026-04-22 09:39:00,7112.13,7113.66,7111.25,7112.32
2026-04-22 09:40:00,7112.49,7114.50,7111.39,7112.36
2026-04-22 09:41:00,7112.26,7114.76,7111.18,7113.37
2026-04-22 09:42:00,7113.41,7113.41,7109.88,7110.80
2026-04-22 09:43:00,7110.80,7113.45,7110.69,7111.36
2026-04-22 09:44:00,7111.24,7112.58,7110.75,7110.89
2026-04-22 09:45:00,7110.86,7114.21,7110.42,7114.21
2026-04-22 09:46:00,7114.18,7117.82,7113.64,7117.44
2026-04-22 09:47:00,7117.48,7118.41,7116.16,7116.17
2026-04-22 09:48:00,7116.33,7116.33,7110.83,7111.01
2026-04-22 09:49:00,7111.41,7111.99,7108.27,7109.59
2026-04-22 09:50:00,7109.63,7110.57,7108.17,7108.70
2026-04-22 09:51:00,7108.48,7108.48,7106.39,7108.37
2026-04-22 09:52:00,7108.54,7111.42,7108.23,7111.05
2026-04-22 09:53:00,7111.10,7112.46,7109.17,7112.16
2026-04-22 09:54:00,7112.22,7115.48,7112.22,7115.43
2026-04-22 09:55:00,7115.59,7115.69,7113.77,7114.13
2026-04-22 09:56:00,7113.99,7113.99,7112.08,7113.45
2026-04-22 09:57:00,7113.53,7113.95,7111.61,7113.77
2026-04-22 09:58:00,7113.71,7115.59,7113.36,7115.38
2026-04-22 09:59:00,7115.23,7117.30,7115.23,7117.30
2026-04-22 10:00:00,7117.51,7120.99,7117.37,7120.57
2026-04-22 10:01:00,7120.86,7123.14,7120.32,7122.39
2026-04-22 10:02:00,7122.47,7122.47,7120.10,7121.00
2026-04-22 10:03:00,7120.89,7121.72,7118.69,7118.91
2026-04-22 10:04:00,7118.59,7119.56,7117.71,7117.81
2026-04-22 10:05:00,7117.66,7117.66,7113.00,7113.10
2026-04-22 10:06:00,7113.10,7117.14,7111.89,7117.11
2026-04-22 10:07:00,7116.95,7121.42,7116.85,7121.29
2026-04-22 10:08:00,7121.35,7121.61,7120.58,7120.58
2026-04-22 10:09:00,7120.58,7120.92,7119.21,7119.33
2026-04-22 10:10:00,7119.28,7123.60,7119.28,7122.93
2026-04-22 10:11:00,7122.92,7122.92,7120.11,7121.40
2026-04-22 10:12:00,7121.51,7122.02,7120.60,7120.77
2026-04-22 10:13:00,7120.66,7122.64,7119.81,7122.45
2026-04-22 10:14:00,7122.29,7124.92,7122.15,7124.88
2026-04-22 10:15:00,7124.76,7127.56,7124.76,7127.35
2026-04-22 10:16:00,7127.19,7127.19,7124.86,7125.91
2026-04-22 10:17:00,7125.96,7126.86,7125.55,7126.30
2026-04-22 10:18:00,7126.48,7126.48,7124.82,7125.15
2026-04-22 10:19:00,7125.33,7126.79,7125.08,7126.68
2026-04-22 10:20:00,7126.95,7129.03,7126.12,7128.33
2026-04-22 10:21:00,7128.50,7129.85,7127.76,7129.67
2026-04-22 10:22:00,7129.66,7130.46,7127.50,7127.67
2026-04-22 10:23:00,7127.73,7128.50,7127.02,7127.65
2026-04-22 10:24:00,7127.72,7127.72,7126.04,7127.25
2026-04-22 10:25:00,7127.16,7128.81,7126.91,7128.37
2026-04-22 10:26:00,7128.49,7128.89,7127.52,7127.58
2026-04-22 10:27:00,7127.60,7128.64,7126.74,7127.86
2026-04-22 10:28:00,7127.80,7130.05,7127.75,7129.68
2026-04-22 10:29:00,7129.79,7129.86,7128.51,7129.04
2026-04-22 10:30:00,7129.12,7129.86,7125.68,7126.68
2026-04-22 10:31:00,7126.66,7128.36,7126.07,7128.36
2026-04-22 10:32:00,7128.33,7129.23,7122.51,7123.95
2026-04-22 10:33:00,7123.87,7123.87,7120.88,7123.15
2026-04-22 10:34:00,7123.40,7125.25,7122.77,7122.98
2026-04-22 10:35:00,7123.17,7123.17,7118.94,7119.84
2026-04-22 10:36:00,7119.80,7124.99,7119.80,7124.09
2026-04-22 10:37:00,7124.43,7128.86,7124.43,7127.42
2026-04-22 10:38:00,7127.50,7127.83,7125.58,7127.34
2026-04-22 10:39:00,7127.29,7129.77,7127.17,7129.42
2026-04-22 10:40:00,7129.43,7130.44,7128.72,7129.72
2026-04-22 10:41:00,7129.58,7129.58,7125.86,7125.99
2026-04-22 10:42:00,7125.97,7125.97,7123.63,7123.78
2026-04-22 10:43:00,7123.89,7124.05,7120.04,7120.28
2026-04-22 10:44:00,7120.25,7121.85,7120.25,7120.93
2026-04-22 10:45:00,7121.08,7124.01,7121.08,7123.28
2026-04-22 10:46:00,7123.27,7124.43,7123.27,7123.67
2026-04-22 10:47:00,7123.68,7125.72,7123.68,7125.59
2026-04-22 10:48:00,7125.52,7126.83,7125.38,7126.52
2026-04-22 10:49:00,7126.43,7126.43,7124.94,7126.04
2026-04-22 10:50:00,7125.93,7127.68,7125.66,7127.14
2026-04-22 10:51:00,7127.29,7127.35,7124.23,7124.23
2026-04-22 10:52:00,7124.11,7124.11,7120.34,7121.18
2026-04-22 10:53:00,7121.22,7121.22,7119.14,7120.86
2026-04-22 10:54:00,7120.90,7122.83,7120.90,7122.83
2026-04-22 10:55:00,7122.83,7123.78,7121.63,7121.70
2026-04-22 10:56:00,7121.58,7122.52,7120.12,7121.97
2026-04-22 10:57:00,7122.03,7122.50,7120.51,7122.12
2026-04-22 10:58:00,7122.18,7122.42,7120.56,7122.06
2026-04-22 10:59:00,7122.08,7124.53,7121.86,7124.48
2026-04-22 11:00:00,7124.42,7124.84,7121.38,7121.42
2026-04-22 11:01:00,7121.19,7121.19,7120.08,7120.25
2026-04-22 11:02:00,7120.20,7121.07,7118.88,7118.96
2026-04-22 11:03:00,7119.00,7120.38,7119.00,7120.38
2026-04-22 11:04:00,7120.34,7120.58,7117.13,7117.60
2026-04-22 11:05:00,7117.94,7119.33,7117.52,7118.25
2026-04-22 11:06:00,7118.18,7120.04,7117.95,7120.04
2026-04-22 11:07:00,7119.83,7124.73,7119.83,7124.38
2026-04-22 11:08:00,7124.35,7125.98,7124.31,7124.97
2026-04-22 11:09:00,7124.73,7124.98,7122.71,7123.34
2026-04-22 11:10:00,7123.06,7125.23,7123.02,7124.77
2026-04-22 11:11:00,7124.92,7125.47,7124.40,7125.15
2026-04-22 11:12:00,7125.00,7125.00,7121.65,7122.08
2026-04-22 11:13:00,7122.49,7123.93,7122.17,7123.36
2026-04-22 11:14:00,7123.47,7123.76,7122.16,7122.40
2026-04-22 11:15:00,7122.68,7122.72,7121.26,7121.33
2026-04-22 11:16:00,7121.24,7121.24,7119.97,7120.91
2026-04-22 11:17:00,7121.05,7121.86,7120.82,7121.09
2026-04-22 11:18:00,7121.07,7121.34,7119.66,7121.21
2026-04-22 11:19:00,7121.39,7123.49,7120.65,7123.30
2026-04-22 11:20:00,7123.35,7124.09,7122.96,7123.76
2026-04-22 11:21:00,7123.70,7125.14,7123.32,7124.85
2026-04-22 11:22:00,7124.87,7126.55,7124.87,7126.38
2026-04-22 11:23:00,7126.44,7127.82,7126.19,7127.66
2026-04-22 11:24:00,7127.69,7128.81,7125.65,7126.13
2026-04-22 11:25:00,7126.18,7126.42,7124.35,7124.35
2026-04-22 11:26:00,7124.34,7124.67,7122.86,7123.33
2026-04-22 11:27:00,7123.61,7123.61,7122.26,7122.88
2026-04-22 11:28:00,7122.78,7125.09,7122.78,7125.09
2026-04-22 11:29:00,7125.10,7128.28,7124.44,7126.72
2026-04-22 11:30:00,7126.51,7128.35,7125.86,7128.26
2026-04-22 11:31:00,7128.22,7128.22,7125.66,7125.66
2026-04-22 11:32:00,7125.76,7125.93,7124.40,7124.90
2026-04-22 11:33:00,7124.94,7125.39,7124.34,7125.05
2026-04-22 11:34:00,7124.95,7125.59,7124.25,7125.39
2026-04-22 11:35:00,7125.25,7125.80,7123.68,7123.98
2026-04-22 11:36:00,7123.91,7123.91,7121.68,7122.17
2026-04-22 11:37:00,7122.22,7124.22,7122.22,7124.22
2026-04-22 11:38:00,7124.27,7124.27,7121.32,7122.49
2026-04-22 11:39:00,7122.51,7122.67,7121.87,7122.45
2026-04-22 11:40:00,7122.41,7122.80,7121.21,7122.21
2026-04-22 11:41:00,7122.17,7123.16,7122.06,7123.03
2026-04-22 11:42:00,7123.15,7123.86,7120.85,7120.85
2026-04-22 11:43:00,7120.93,7121.19,7118.10,7118.42
2026-04-22 11:44:00,7118.41,7118.41,7116.51,7116.58
2026-04-22 11:45:00,7116.58,7117.76,7115.66,7117.70
2026-04-22 11:46:00,7117.68,7120.03,7117.60,7119.32
2026-04-22 11:47:00,7119.23,7120.70,7119.12,7120.46
2026-04-22 11:48:00,7120.50,7122.81,7120.50,7122.81
2026-04-22 11:49:00,7122.77,7123.19,7121.97,7122.12
2026-04-22 11:50:00,7122.03,7122.06,7120.26,7120.56
2026-04-22 11:51:00,7120.56,7120.88,7119.66,7120.37
2026-04-22 11:52:00,7120.45,7120.45,7118.94,7119.13
2026-04-22 11:53:00,7119.06,7120.97,7118.82,7120.97
2026-04-22 11:54:00,7120.95,7121.08,7119.67,7120.61
2026-04-22 11:55:00,7120.60,7123.01,7120.60,7122.83
2026-04-22 11:56:00,7122.81,7124.40,7122.73,7124.31
2026-04-22 11:57:00,7124.35,7124.49,7122.30,7122.32
2026-04-22 11:58:00,7122.35,7122.35,7120.37,7120.37
2026-04-22 11:59:00,7120.35,7120.66,7119.96,7120.41
2026-04-22 12:00:00,7120.51,7123.02,7120.51,7120.77
2026-04-22 12:01:00,7120.75,7120.75,7118.14,7118.75
2026-04-22 12:02:00,7118.77,7119.77,7118.17,7119.77
2026-04-22 12:03:00,7119.86,7121.48,7119.86,7121.13
2026-04-22 12:04:00,7121.17,7123.30,7121.10,7123.11
2026-04-22 12:05:00,7123.12,7124.48,7122.94,7124.21
2026-04-22 12:06:00,7124.24,7124.97,7123.84,7123.96
2026-04-22 12:07:00,7124.08,7124.08,7123.05,7123.05
2026-04-22 12:08:00,7123.14,7123.22,7122.59,7122.67
2026-04-22 12:09:00,7122.74,7124.23,7122.74,7123.99
2026-04-22 12:10:00,7124.00,7124.45,7122.79,7122.79
2026-04-22 12:11:00,7122.63,7122.70,7121.04,7121.70
2026-04-22 12:12:00,7121.71,7121.71,7120.34,7121.44
2026-04-22 12:13:00,7121.48,7122.36,7120.79,7122.34
2026-04-22 12:14:00,7122.44,7124.09,7122.18,7123.38
2026-04-22 12:15:00,7123.41,7124.54,7123.41,7124.25
2026-04-22 12:16:00,7124.26,7124.42,7121.91,7122.00
2026-04-22 12:17:00,7122.02,7123.20,7121.99,7123.18
2026-04-22 12:18:00,7123.20,7123.35,7121.02,7121.17
2026-04-22 12:19:00,7121.16,7121.16,7118.23,7118.24
2026-04-22 12:20:00,7118.21,7120.20,7118.18,7119.98
2026-04-22 12:21:00,7119.87,7122.08,7119.84,7121.74
2026-04-22 12:22:00,7121.78,7121.87,7121.02,7121.64
2026-04-22 12:23:00,7121.56,7121.64,7120.91,7121.51
2026-04-22 12:24:00,7121.55,7122.18,7119.80,7120.10
2026-04-22 12:25:00,7119.98,7120.01,7119.04,7119.16
2026-04-22 12:26:00,7119.12,7119.12,7118.03,7118.45
2026-04-22 12:27:00,7118.43,7119.54,7118.41,7118.95
2026-04-22 12:28:00,7119.08,7119.33,7118.71,7119.11
2026-04-22 12:29:00,7118.43,7118.43,7115.15,7115.47
2026-04-22 12:30:00,7115.51,7115.51,7112.59,7113.88
2026-04-22 12:31:00,7113.84,7115.76,7113.84,7115.76
2026-04-22 12:32:00,7115.60,7116.82,7115.49,7115.73
2026-04-22 12:33:00,7115.55,7116.45,7115.55,7116.02
2026-04-22 12:34:00,7116.09,7116.65,7115.28,7116.42
2026-04-22 12:35:00,7116.31,7117.99,7115.88,7116.21
2026-04-22 12:36:00,7116.31,7116.94,7115.67,7115.80
2026-04-22 12:37:00,7115.68,7116.73,7115.20,7116.53
2026-04-22 12:38:00,7116.55,7117.38,7116.53,7116.99
2026-04-22 12:39:00,7117.09,7119.56,7117.09,7119.22
2026-04-22 12:40:00,7119.11,7119.88,7118.11,7119.63
2026-04-22 12:41:00,7119.62,7120.39,7119.08,7120.15
2026-04-22 12:42:00,7120.18,7120.40,7113.88,7113.88
2026-04-22 12:43:00,7114.18,7115.60,7113.80,7114.88
2026-04-22 12:44:00,7114.94,7115.85,7114.94,7115.12
2026-04-22 12:45:00,7114.95,7115.66,7113.75,7114.00
2026-04-22 12:46:00,7114.07,7115.55,7113.46,7115.37
2026-04-22 12:47:00,7115.44,7116.55,7115.44,7116.39
2026-04-22 12:48:00,7116.49,7116.71,7115.98,7116.46
2026-04-22 12:49:00,7116.43,7118.05,7116.43,7117.94
2026-04-22 12:50:00,7117.90,7117.96,7116.14,7116.19
2026-04-22 12:51:00,7116.24,7117.35,7115.89,7115.91
2026-04-22 12:52:00,7115.94,7116.20,7113.99,7115.54
2026-04-22 12:53:00,7115.63,7116.71,7115.23,7116.55
2026-04-22 12:54:00,7116.49,7117.11,7116.49,7116.74
2026-04-22 12:55:00,7116.72,7116.79,7115.11,7115.22
2026-04-22 12:56:00,7115.38,7115.80,7113.66,7114.11
2026-04-22 12:57:00,7114.22,7115.48,7114.17,7114.94
2026-04-22 12:58:00,7114.97,7115.02,7112.40,7112.95
2026-04-22 12:59:00,7112.99,7113.13,7112.41,7113.00
2026-04-22 13:00:00,7112.97,7115.45,7112.97,7114.98
2026-04-22 13:01:00,7114.90,7120.22,7114.32,7119.19
2026-04-22 13:02:00,7119.30,7120.04,7117.70,7117.70
2026-04-22 13:03:00,7117.76,7119.85,7117.68,7119.84
2026-04-22 13:04:00,7119.76,7120.31,7119.33,7120.31
2026-04-22 13:05:00,7120.14,7120.84,7119.49,7119.51
2026-04-22 13:06:00,7119.52,7119.91,7118.83,7119.06
2026-04-22 13:07:00,7119.02,7119.02,7118.09,7118.40
2026-04-22 13:08:00,7118.32,7119.58,7118.13,7119.58
2026-04-22 13:09:00,7119.60,7121.59,7119.37,7121.59
2026-04-22 13:10:00,7121.64,7127.11,7121.52,7126.05
2026-04-22 13:11:00,7125.94,7126.28,7124.97,7125.43
2026-04-22 13:12:00,7125.43,7125.94,7125.13,7125.51
2026-04-22 13:13:00,7125.50,7125.52,7123.34,7123.38
2026-04-22 13:14:00,7123.39,7123.41,7122.53,7123.21
2026-04-22 13:15:00,7123.24,7124.46,7123.24,7124.20
2026-04-22 13:16:00,7124.26,7124.71,7122.75,7123.31
2026-04-22 13:17:00,7123.24,7124.39,7123.24,7123.77
2026-04-22 13:18:00,7123.58,7123.58,7121.36,7121.36
2026-04-22 13:19:00,7121.18,7121.18,7120.01,7120.94
2026-04-22 13:20:00,7120.87,7122.64,7120.87,7122.64
2026-04-22 13:21:00,7122.69,7125.24,7122.69,7125.22
2026-04-22 13:22:00,7125.20,7127.51,7125.07,7127.51
2026-04-22 13:23:00,7127.52,7127.94,7125.97,7125.98
2026-04-22 13:24:00,7125.97,7126.45,7125.45,7125.45
2026-04-22 13:25:00,7125.41,7125.79,7125.28,7125.61
2026-04-22 13:26:00,7125.67,7125.87,7125.21,7125.58
2026-04-22 13:27:00,7125.62,7126.33,7125.37,7125.86
2026-04-22 13:28:00,7125.80,7125.80,7124.83,7125.05
2026-04-22 13:29:00,7125.03,7125.03,7123.84,7124.17
2026-04-22 13:30:00,7124.11,7126.84,7124.00,7126.73
2026-04-22 13:31:00,7126.76,7126.76,7126.01,7126.39
2026-04-22 13:32:00,7126.26,7127.10,7125.90,7126.52
2026-04-22 13:33:00,7126.60,7126.75,7125.49,7125.69
2026-04-22 13:34:00,7125.67,7126.68,7124.90,7124.90
2026-04-22 13:35:00,7124.87,7125.77,7124.62,7125.38
2026-04-22 13:36:00,7125.50,7125.53,7124.32,7124.36
2026-04-22 13:37:00,7124.27,7124.27,7123.09,7124.02
2026-04-22 13:38:00,7123.97,7124.56,7123.65,7123.87
2026-04-22 13:39:00,7123.85,7124.72,7123.85,7124.30
2026-04-22 13:40:00,7124.28,7125.57,7124.28,7125.53
2026-04-22 13:41:00,7125.44,7125.48,7125.01,7125.11
2026-04-22 13:42:00,7125.01,7126.88,7124.92,7126.76
2026-04-22 13:43:00,7126.79,7127.27,7126.79,7126.92
2026-04-22 13:44:00,7126.79,7127.02,7126.13,7126.13
2026-04-22 13:45:00,7126.16,7126.86,7124.06,7124.22
2026-04-22 13:46:00,7124.02,7124.20,7122.90,7123.01
2026-04-22 13:47:00,7123.02,7126.98,7122.40,7125.11
2026-04-22 13:48:00,7125.16,7126.51,7124.31,7124.76
2026-04-22 13:49:00,7124.65,7125.97,7124.59,7125.96
2026-04-22 13:50:00,7126.06,7126.22,7125.25,7125.62
2026-04-22 13:51:00,7125.55,7126.45,7125.20,7126.40
2026-04-22 13:52:00,7126.38,7127.06,7125.90,7126.21
2026-04-22 13:53:00,7126.20,7126.67,7125.02,7125.33
2026-04-22 13:54:00,7125.38,7125.78,7124.58,7125.22
2026-04-22 13:55:00,7125.29,7125.67,7124.70,7125.58
2026-04-22 13:56:00,7125.62,7125.62,7124.37,7124.37
2026-04-22 13:57:00,7124.36,7124.89,7124.34,7124.62
2026-04-22 13:58:00,7124.59,7125.83,7124.51,7125.65
2026-04-22 13:59:00,7125.68,7125.68,7123.98,7123.98
2026-04-22 14:00:00,7124.00,7124.95,7122.96,7124.95
2026-04-22 14:01:00,7125.01,7125.08,7123.59,7124.52
2026-04-22 14:02:00,7124.51,7124.86,7124.24,7124.56
2026-04-22 14:03:00,7124.65,7125.55,7124.62,7125.50
2026-04-22 14:04:00,7125.46,7125.68,7124.43,7124.52
2026-04-22 14:05:00,7124.55,7125.74,7124.53,7125.58
2026-04-22 14:06:00,7125.59,7125.75,7124.68,7124.86
2026-04-22 14:07:00,7124.94,7124.94,7124.09,7124.85
2026-04-22 14:08:00,7124.78,7124.78,7124.21,7124.52
2026-04-22 14:09:00,7124.50,7124.51,7123.36,7123.41
2026-04-22 14:10:00,7123.39,7124.27,7123.07,7124.08
2026-04-22 14:11:00,7124.03,7124.12,7122.93,7123.22
2026-04-22 14:12:00,7123.30,7125.01,7123.30,7124.47
2026-04-22 14:13:00,7124.41,7124.86,7124.40,7124.45
2026-04-22 14:14:00,7124.44,7124.44,7123.39,7123.81
2026-04-22 14:15:00,7123.79,7123.79,7122.77,7122.82
2026-04-22 14:16:00,7122.55,7122.92,7121.06,7121.07
2026-04-22 14:17:00,7121.05,7121.33,7120.27,7120.88
2026-04-22 14:18:00,7120.89,7122.39,7120.66,7122.20
2026-04-22 14:19:00,7122.22,7122.26,7120.87,7120.95
2026-04-22 14:20:00,7120.83,7120.83,7118.83,7119.59
2026-04-22 14:21:00,7119.58,7119.75,7118.51,7118.51
2026-04-22 14:22:00,7118.47,7118.47,7116.38,7117.33
2026-04-22 14:23:00,7117.18,7118.00,7116.62,7116.84
2026-04-22 14:24:00,7116.83,7118.92,7116.56,7118.83
2026-04-22 14:25:00,7118.86,7120.17,7118.86,7119.85
2026-04-22 14:26:00,7119.86,7120.14,7118.61,7118.66
2026-04-22 14:27:00,7118.53,7118.89,7118.20,7118.39
2026-04-22 14:28:00,7118.40,7119.12,7118.37,7119.12
2026-04-22 14:29:00,7119.20,7119.30,7118.42,7118.56
2026-04-22 14:30:00,7118.55,7119.45,7117.98,7119.45
2026-04-22 14:31:00,7119.45,7121.37,7119.45,7120.99
2026-04-22 14:32:00,7121.09,7121.72,7120.99,7120.99
2026-04-22 14:33:00,7120.82,7122.05,7120.79,7121.88
2026-04-22 14:34:00,7121.88,7122.27,7120.72,7120.72
2026-04-22 14:35:00,7120.59,7122.34,7120.58,7122.10
2026-04-22 14:36:00,7122.16,7122.27,7121.83,7121.96
2026-04-22 14:37:00,7121.94,7122.24,7121.32,7122.14
2026-04-22 14:38:00,7122.13,7123.03,7122.13,7122.87
2026-04-22 14:39:00,7122.67,7122.95,7122.28,7122.93
2026-04-22 14:40:00,7122.91,7123.14,7122.48,7123.14
2026-04-22 14:41:00,7123.15,7123.60,7122.44,7122.72
2026-04-22 14:42:00,7122.68,7123.18,7122.41,7122.58
2026-04-22 14:43:00,7122.66,7122.95,7122.45,7122.63
2026-04-22 14:44:00,7122.68,7123.36,7122.68,7122.93
2026-04-22 14:45:00,7122.89,7123.00,7121.83,7123.00
2026-04-22 14:46:00,7123.06,7124.02,7123.06,7123.45
2026-04-22 14:47:00,7123.45,7124.15,7123.42,7123.87
2026-04-22 14:48:00,7123.84,7124.10,7122.98,7123.44
2026-04-22 14:49:00,7123.44,7123.91,7123.30,7123.65
2026-04-22 14:50:00,7123.56,7123.97,7122.76,7123.97
2026-04-22 14:51:00,7124.18,7124.60,7124.18,7124.42
2026-04-22 14:52:00,7124.45,7124.45,7124.17,7124.29
2026-04-22 14:53:00,7124.38,7124.53,7123.01,7123.01
2026-04-22 14:54:00,7122.91,7123.25,7122.59,7122.60
2026-04-22 14:55:00,7122.54,7122.76,7120.28,7120.56
2026-04-22 14:56:00,7120.66,7120.99,7119.93,7119.93
2026-04-22 14:57:00,7119.85,7120.15,7119.41,7119.70
2026-04-22 14:58:00,7119.84,7121.13,7119.84,7121.09
2026-04-22 14:59:00,7121.09,7121.20,7120.44,7120.59
2026-04-22 15:00:00,7120.70,7120.80,7117.15,7118.03
2026-04-22 15:01:00,7117.94,7118.42,7116.24,7118.42
2026-04-22 15:02:00,7118.74,7119.62,7117.16,7119.58
2026-04-22 15:03:00,7119.50,7119.83,7118.53,7118.96
2026-04-22 15:04:00,7118.87,7119.48,7118.02,7119.29
2026-04-22 15:05:00,7119.28,7120.47,7118.50,7119.59
2026-04-22 15:06:00,7119.66,7120.68,7119.66,7120.37
2026-04-22 15:07:00,7120.40,7122.17,7119.78,7122.13
2026-04-22 15:08:00,7122.19,7122.60,7121.66,7122.14
2026-04-22 15:09:00,7122.14,7123.21,7122.14,7123.14
2026-04-22 15:10:00,7123.11,7123.20,7122.09,7122.21
2026-04-22 15:11:00,7122.26,7123.46,7122.19,7122.80
2026-04-22 15:12:00,7122.85,7123.42,7122.47,7122.57
2026-04-22 15:13:00,7122.57,7123.89,7122.01,7123.89
2026-04-22 15:14:00,7123.97,7124.14,7122.94,7123.72
2026-04-22 15:15:00,7123.73,7124.31,7123.73,7124.27
2026-04-22 15:16:00,7124.19,7124.65,7123.65,7124.47
2026-04-22 15:17:00,7124.38,7125.42,7124.38,7124.84
2026-04-22 15:18:00,7124.73,7126.00,7124.40,7125.96
2026-04-22 15:19:00,7125.96,7127.68,7125.87,7127.66
2026-04-22 15:20:00,7127.61,7128.47,7126.51,7127.42
2026-04-22 15:21:00,7127.44,7128.43,7127.00,7128.16
2026-04-22 15:22:00,7128.04,7128.14,7126.23,7126.33
2026-04-22 15:23:00,7126.31,7126.96,7126.22,7126.61
2026-04-22 15:24:00,7126.61,7127.21,7126.59,7126.74
2026-04-22 15:25:00,7127.04,7129.18,7126.77,7129.07
2026-04-22 15:26:00,7129.05,7129.84,7128.61,7128.61
2026-04-22 15:27:00,7128.64,7129.06,7128.14,7128.98
2026-04-22 15:28:00,7128.97,7129.39,7128.29,7129.13
2026-04-22 15:29:00,7129.11,7129.11,7128.21,7128.93
2026-04-22 15:30:00,7128.84,7128.84,7127.33,7128.59
2026-04-22 15:31:00,7128.60,7129.81,7128.60,7129.69
2026-04-22 15:32:00,7129.77,7129.83,7127.82,7127.82
2026-04-22 15:33:00,7127.80,7127.80,7125.99,7126.81
2026-04-22 15:34:00,7126.85,7127.82,7126.68,7126.71
2026-04-22 15:35:00,7126.73,7126.73,7125.20,7125.56
2026-04-22 15:36:00,7125.55,7126.25,7125.04,7126.01
2026-04-22 15:37:00,7126.02,7128.19,7125.87,7128.06
2026-04-22 15:38:00,7128.05,7128.92,7127.47,7128.73
2026-04-22 15:39:00,7128.70,7128.70,7127.97,7128.06
2026-04-22 15:40:00,7128.10,7128.81,7127.56,7128.50
2026-04-22 15:41:00,7128.60,7128.83,7128.29,7128.69
2026-04-22 15:42:00,7128.73,7129.35,7127.81,7127.81
2026-04-22 15:43:00,7127.70,7128.82,7127.59,7128.06
2026-04-22 15:44:00,7128.03,7128.59,7127.98,7128.47
2026-04-22 15:45:00,7128.48,7128.72,7127.80,7128.13
2026-04-22 15:46:00,7128.18,7128.99,7128.18,7128.86
2026-04-22 15:47:00,7128.77,7130.40,7128.60,7130.07
2026-04-22 15:48:00,7129.92,7129.93,7129.19,7129.78
2026-04-22 15:49:00,7129.88,7130.74,7129.45,7130.74
2026-04-22 15:50:00,7130.89,7133.59,7128.89,7133.20
2026-04-22 15:51:00,7133.33,7134.83,7132.73,7133.01
2026-04-22 15:52:00,7132.96,7132.96,7130.72,7131.28
2026-04-22 15:53:00,7131.27,7133.51,7131.06,7133.47
2026-04-22 15:54:00,7133.49,7136.72,7133.49,7135.18
2026-04-22 15:55:00,7135.19,7136.24,7133.77,7134.10
2026-04-22 15:56:00,7134.14,7134.94,7133.75,7134.94
2026-04-22 15:57:00,7135.12,7136.43,7134.79,7135.73
2026-04-22 15:58:00,7135.60,7136.90,7135.60,7136.72
2026-04-22 15:59:00,7136.76,7138.64,7136.76,7137.12
2026-04-22 16:00:00,7136.99,7137.92,7136.99,7137.91
2026-04-22 16:01:00,7137.91,7137.94,7137.91,7137.94
2026-04-22 16:02:00,7137.94,7137.96,7137.88,7137.89
2026-04-22 16:03:00,7137.89,7137.89,7137.88,7137.88
2026-04-22 16:04:00,7137.88,7137.89,7137.88,7137.88
2026-04-22 16:05:00,7137.88,7137.90,7137.88,7137.90
2026-04-22 16:06:00,7137.90,7137.90,7137.90,7137.90
2026-04-22 16:07:00,7137.90,7137.90,7137.90,7137.90
2026-04-22 16:08:00,7137.90,7137.90,7137.90,7137.90
2026-04-22 16:09:00,7137.90,7137.90,7137.90,7137.90
2026-04-22 16:10:00,7137.90,7137.90,7137.90,7137.90
2026-04-22 16:11:00,7137.90,7137.90,7137.90,7137.90
2026-04-22 16:12:00,7137.90,7137.90,7137.90,7137.90
2026-04-22 16:13:00,7137.90,7137.90,7137.90,7137.90
2026-04-22 16:14:00,7137.90,7137.90,7137.90,7137.90
2026-04-22 16:15:00,7137.90,7137.90,7137.90,7137.90
2026-04-22 16:16:00,7137.90,7137.90,7137.90,7137.90
2026-04-22 16:17:00,7137.90,7137.90,7137.90,7137.90
2026-04-22 16:18:00,7137.90,7137.90,7137.90,7137.90
2026-04-22 16:19:00,7137.90,7137.90,7137.90,7137.90
2026-04-22 16:20:00,7137.90,7137.90,7137.90,7137.90
2026-04-22 16:36:00,7137.90,7137.90,7137.90,7137.90
2026-04-23 09:30:00,7118.80,7122.40,7116.12,7120.18
2026-04-23 09:31:00,7119.66,7124.42,7118.95,7120.04
2026-04-23 09:32:00,7120.43,7123.87,7119.13,7123.23
2026-04-23 09:33:00,7123.14,7123.29,7119.07,7119.99
2026-04-23 09:34:00,7120.10,7120.10,7117.65,7119.15
2026-04-23 09:35:00,7119.24,7122.67,7118.42,7122.33
2026-04-23 09:36:00,7122.33,7125.19,7121.05,7124.53
2026-04-23 09:37:00,7124.79,7124.79,7123.03,7123.81
2026-04-23 09:38:00,7123.73,7125.80,7122.38,7125.61
2026-04-23 09:39:00,7125.04,7128.09,7124.87,7127.38
2026-04-23 09:40:00,7127.32,7128.98,7124.59,7128.20
2026-04-23 09:41:00,7128.04,7129.73,7126.58,7129.70
2026-04-23 09:42:00,7129.56,7129.61,7127.08,7129.61
2026-04-23 09:43:00,7129.33,7130.36,7128.81,7129.45
2026-04-23 09:44:00,7129.43,7130.58,7129.42,7129.90
2026-04-23 09:45:00,7129.76,7130.27,7128.30,7130.00
2026-04-23 09:46:00,7129.80,7133.46,7129.80,7132.75
2026-04-23 09:47:00,7132.84,7134.00,7130.96,7133.87
2026-04-23 09:48:00,7134.16,7136.84,7133.16,7134.90
2026-04-23 09:49:00,7134.84,7135.30,7132.35,7133.76
2026-04-23 09:50:00,7133.87,7133.87,7126.54,7127.01
2026-04-23 09:51:00,7127.85,7132.17,7127.71,7131.00
2026-04-23 09:52:00,7131.29,7132.92,7131.29,7132.28
2026-04-23 09:53:00,7132.19,7132.42,7129.94,7131.64
2026-04-23 09:54:00,7131.77,7131.84,7129.09,7130.28
2026-04-23 09:55:00,7130.13,7130.13,7127.89,7127.93
2026-04-23 09:56:00,7127.97,7129.04,7127.43,7127.57
2026-04-23 09:57:00,7127.71,7129.62,7127.53,7128.25
2026-04-23 09:58:00,7128.03,7128.11,7125.41,7126.87
2026-04-23 09:59:00,7127.03,7127.65,7125.77,7125.77
2026-04-23 10:00:00,7126.05,7126.05,7119.33,7119.33
2026-04-23 10:01:00,7119.47,7121.02,7117.60,7119.81
2026-04-23 10:02:00,7119.61,7121.82,7115.89,7121.82
2026-04-23 10:03:00,7121.84,7124.22,7121.25,7123.83
2026-04-23 10:04:00,7123.78,7126.32,7122.82,7123.70
2026-04-23 10:05:00,7123.22,7126.41,7122.23,7126.23
2026-04-23 10:06:00,7126.16,7126.31,7121.75,7122.29
2026-04-23 10:07:00,7122.29,7122.88,7120.39,7122.80
2026-04-23 10:08:00,7123.01,7126.20,7122.49,7125.75
2026-04-23 10:09:00,7125.71,7126.74,7125.50,7126.17
2026-04-23 10:10:00,7126.32,7126.56,7123.53,7124.94
2026-04-23 10:11:00,7125.04,7125.38,7123.24,7125.38
2026-04-23 10:12:00,7125.26,7125.28,7123.44,7125.02
2026-04-23 10:13:00,7125.09,7126.14,7123.89,7124.97
2026-04-23 10:14:00,7124.72,7124.95,7123.67,7124.75
2026-04-23 10:15:00,7124.79,7129.81,7124.58,7128.88
2026-04-23 10:16:00,7128.99,7130.46,7127.68,7128.39
2026-04-23 10:17:00,7128.72,7129.94,7128.16,7129.14
2026-04-23 10:18:00,7129.12,7129.38,7125.93,7126.16
2026-04-23 10:19:00,7126.10,7126.10,7124.27,7124.81
2026-04-23 10:20:00,7124.98,7127.79,7124.61,7127.38
2026-04-23 10:21:00,7127.48,7128.37,7126.26,7128.02
2026-04-23 10:22:00,7128.11,7128.11,7126.21,7127.27
2026-04-23 10:23:00,7127.30,7129.51,7127.30,7129.51
2026-04-23 10:24:00,7129.57,7133.00,7129.26,7132.30
2026-04-23 10:25:00,7132.18,7132.88,7130.70,7131.76
2026-04-23 10:26:00,7131.74,7132.37,7130.85,7131.39
2026-04-23 10:27:00,7131.48,7132.52,7130.41,7130.52
2026-04-23 10:28:00,7130.52,7130.52,7127.23,7128.49
2026-04-23 10:29:00,7128.47,7128.74,7127.26,7128.74
2026-04-23 10:30:00,7128.83,7132.23,7128.83,7131.87
2026-04-23 10:31:00,7131.85,7133.86,7131.45,7132.65
2026-04-23 10:32:00,7132.56,7135.63,7132.52,7133.70
2026-04-23 10:33:00,7133.48,7134.05,7132.53,7132.53
2026-04-23 10:34:00,7132.63,7133.42,7131.45,7131.45
2026-04-23 10:35:00,7131.38,7132.86,7131.28,7132.18
2026-04-23 10:36:00,7132.02,7133.19,7131.73,7132.63
2026-04-23 10:37:00,7132.73,7134.15,7132.25,7133.87
2026-04-23 10:38:00,7133.89,7134.32,7128.99,7129.15
2026-04-23 10:39:00,7129.04,7130.48,7128.20,7130.36
2026-04-23 10:40:00,7130.50,7131.49,7130.43,7130.95
2026-04-23 10:41:00,7130.68,7131.78,7129.75,7130.87
2026-04-23 10:42:00,7130.51,7130.51,7128.59,7129.99
2026-04-23 10:43:00,7129.97,7133.07,7129.39,7133.07
2026-04-23 10:44:00,7133.33,7134.44,7133.33,7133.68
2026-04-23 10:45:00,7133.71,7136.63,7133.71,7136.33
2026-04-23 10:46:00,7136.49,7136.49,7134.15,7134.17
2026-04-23 10:47:00,7134.23,7134.91,7133.40,7134.91
2026-04-23 10:48:00,7134.99,7136.10,7134.30,7134.57
2026-04-23 10:49:00,7134.67,7136.07,7134.26,7135.12
2026-04-23 10:50:00,7134.89,7135.69,7133.73,7135.58
2026-04-23 10:51:00,7135.74,7136.51,7135.45,7135.96
2026-04-23 10:52:00,7135.73,7138.28,7135.59,7137.80
2026-04-23 10:53:00,7137.81,7138.96,7137.59,7138.41
2026-04-23 10:54:00,7138.30,7138.80,7136.36,7138.56
2026-04-23 10:55:00,7138.56,7141.15,7138.56,7140.91
2026-04-23 10:56:00,7140.84,7142.11,7140.19,7141.90
2026-04-23 10:57:00,7142.01,7144.47,7142.01,7144.39
2026-04-23 10:58:00,7144.48,7144.59,7141.91,7142.97
2026-04-23 10:59:00,7142.97,7142.97,7141.38,7141.65
2026-04-23 11:00:00,7141.47,7143.49,7141.47,7143.02
2026-04-23 11:01:00,7142.99,7143.68,7142.18,7142.57
2026-04-23 11:02:00,7142.52,7143.38,7142.32,7142.78
2026-04-23 11:03:00,7142.75,7143.31,7141.93,7142.28
2026-04-23 11:04:00,7142.26,7142.26,7140.52,7140.99
2026-04-23 11:05:00,7140.96,7141.87,7140.68,7141.41
2026-04-23 11:06:00,7141.52,7141.53,7140.08,7140.66
2026-04-23 11:07:00,7140.61,7141.68,7139.79,7140.01
2026-04-23 11:08:00,7140.07,7140.27,7138.79,7139.11
2026-04-23 11:09:00,7139.14,7141.79,7138.94,7141.72
2026-04-23 11:10:00,7141.68,7143.86,7141.68,7143.11
2026-04-23 11:11:00,7143.07,7144.13,7142.79,7143.24
2026-04-23 11:12:00,7143.18,7143.51,7141.95,7142.46
2026-04-23 11:13:00,7142.43,7143.31,7142.07,7142.07
2026-04-23 11:14:00,7142.04,7142.53,7140.82,7140.82
2026-04-23 11:15:00,7140.71,7140.76,7139.05,7140.23
2026-04-23 11:16:00,7140.10,7142.28,7139.79,7142.28
2026-04-23 11:17:00,7142.35,7145.57,7142.24,7145.27
2026-04-23 11:18:00,7145.15,7146.09,7144.85,7145.40
2026-04-23 11:19:00,7145.18,7145.89,7145.01,7145.15
2026-04-23 11:20:00,7145.11,7145.82,7143.96,7144.30
2026-04-23 11:21:00,7144.32,7144.72,7144.13,7144.48
2026-04-23 11:22:00,7144.54,7145.01,7143.00,7143.62
2026-04-23 11:23:00,7143.71,7146.17,7143.61,7146.15
2026-04-23 11:24:00,7146.15,7146.54,7145.66,7145.67
2026-04-23 11:25:00,7145.45,7146.51,7144.26,7146.25
2026-04-23 11:26:00,7146.38,7147.08,7145.71,7145.83
2026-04-23 11:27:00,7145.81,7146.99,7145.25,7146.99
2026-04-23 11:28:00,7146.95,7146.95,7145.39,7145.50
2026-04-23 11:29:00,7145.55,7145.69,7143.62,7143.62
2026-04-23 11:30:00,7143.61,7144.19,7141.98,7143.68
2026-04-23 11:31:00,7143.62,7146.31,7143.22,7146.31
2026-04-23 11:32:00,7146.19,7147.43,7145.63,7146.75
2026-04-23 11:33:00,7146.74,7147.78,7146.71,7147.06
2026-04-23 11:34:00,7146.97,7146.97,7145.68,7145.79
2026-04-23 11:35:00,7145.76,7145.76,7144.02,7144.43
2026-04-23 11:36:00,7144.26,7144.73,7143.83,7143.88
2026-04-23 11:37:00,7143.96,7144.63,7143.29,7143.32
2026-04-23 11:38:00,7143.28,7143.93,7142.84,7143.05
2026-04-23 11:39:00,7143.09,7143.09,7141.99,7142.32
2026-04-23 11:40:00,7142.35,7142.36,7141.18,7142.27
2026-04-23 11:41:00,7142.28,7143.59,7142.28,7143.24
2026-04-23 11:42:00,7143.35,7143.35,7142.53,7142.85
2026-04-23 11:43:00,7142.93,7143.14,7141.42,7141.45
2026-04-23 11:44:00,7141.51,7141.90,7139.25,7139.91
2026-04-23 11:45:00,7139.91,7140.05,7135.36,7135.36
2026-04-23 11:46:00,7135.28,7136.21,7132.90,7133.52
2026-04-23 11:47:00,7133.83,7136.54,7133.83,7136.21
2026-04-23 11:48:00,7136.21,7137.42,7134.84,7135.48
2026-04-23 11:49:00,7136.04,7136.32,7134.82,7136.11
2026-04-23 11:50:00,7136.09,7136.09,7133.76,7134.14
2026-04-23 11:51:00,7134.13,7135.10,7132.56,7132.68
2026-04-23 11:52:00,7132.81,7133.33,7132.55,7133.18
2026-04-23 11:53:00,7133.40,7133.53,7132.24,7132.52
2026-04-23 11:54:00,7132.39,7132.83,7130.90,7130.99
2026-04-23 11:55:00,7130.91,7135.41,7130.91,7134.67
2026-04-23 11:56:00,7134.63,7138.19,7134.63,7137.53
2026-04-23 11:57:00,7137.56,7138.15,7133.53,7133.81
2026-04-23 11:58:00,7133.82,7135.37,7133.70,7134.80
2026-04-23 11:59:00,7134.71,7135.36,7134.22,7135.36
2026-04-23 12:00:00,7135.42,7136.24,7133.83,7134.34
2026-04-23 12:01:00,7134.48,7135.84,7134.48,7134.51
2026-04-23 12:02:00,7134.51,7134.51,7132.41,7132.61
2026-04-23 12:03:00,7132.54,7132.54,7130.08,7131.07
2026-04-23 12:04:00,7131.04,7131.13,7127.89,7127.89
2026-04-23 12:05:00,7127.85,7128.98,7126.84,7128.45
2026-04-23 12:06:00,7128.36,7130.38,7128.04,7129.90
2026-04-23 12:07:00,7129.93,7130.35,7128.09,7129.43
2026-04-23 12:08:00,7129.41,7130.38,7127.66,7127.66
2026-04-23 12:09:00,7127.70,7128.44,7127.11,7128.38
2026-04-23 12:10:00,7128.43,7130.79,7128.39,7130.11
2026-04-23 12:11:00,7130.16,7130.77,7129.04,7129.14
2026-04-23 12:12:00,7129.13,7132.74,7129.12,7132.38
2026-04-23 12:13:00,7132.26,7133.37,7131.77,7133.05
2026-04-23 12:14:00,7133.12,7133.38,7132.31,7133.22
2026-04-23 12:15:00,7133.28,7134.63,7133.23,7133.27
2026-04-23 12:16:00,7133.06,7134.12,7132.83,7133.27
2026-04-23 12:17:00,7132.99,7133.10,7131.91,7132.71
2026-04-23 12:18:00,7132.64,7134.53,7132.49,7133.63
2026-04-23 12:19:00,7133.73,7133.73,7132.76,7133.20
2026-04-23 12:20:00,7133.20,7133.78,7131.25,7131.44
2026-04-23 12:21:00,7131.43,7131.43,7129.43,7129.81
2026-04-23 12:22:00,7129.71,7130.29,7128.44,7129.07
2026-04-23 12:23:00,7129.01,7130.30,7128.94,7129.63
2026-04-23 12:24:00,7129.58,7132.19,7129.41,7131.91
2026-04-23 12:25:00,7131.93,7133.59,7131.90,7133.59
2026-04-23 12:26:00,7133.55,7133.85,7132.88,7133.21
2026-04-23 12:27:00,7133.23,7133.75,7131.61,7132.08
2026-04-23 12:28:00,7132.24,7132.30,7130.91,7131.53
2026-04-23 12:29:00,7131.52,7131.52,7130.24,7130.95
2026-04-23 12:30:00,7131.03,7131.18,7130.22,7131.12
2026-04-23 12:31:00,7131.31,7132.70,7131.29,7131.54
2026-04-23 12:32:00,7131.57,7132.35,7131.35,7132.04
2026-04-23 12:33:00,7132.07,7133.75,7131.48,7133.61
2026-04-23 12:34:00,7133.62,7134.65,7133.42,7134.46
2026-04-23 12:35:00,7134.32,7135.67,7134.26,7135.64
2026-04-23 12:36:00,7135.68,7136.01,7134.46,7135.30
2026-04-23 12:37:00,7135.17,7135.22,7132.55,7132.66
2026-04-23 12:38:00,7132.60,7133.32,7132.17,7132.78
2026-04-23 12:39:00,7132.78,7132.91,7131.69,7131.84
2026-04-23 12:40:00,7131.85,7132.41,7131.55,7132.16
2026-04-23 12:41:00,7132.19,7132.22,7131.33,7131.79
2026-04-23 12:42:00,7131.78,7133.13,7131.51,7132.18
2026-04-23 12:43:00,7132.10,7132.60,7131.95,7132.32
2026-04-23 12:44:00,7132.46,7133.48,7132.46,7133.00
2026-04-23 12:45:00,7133.00,7135.28,7132.98,7135.14
2026-04-23 12:46:00,7134.80,7134.80,7133.10,7133.87
2026-04-23 12:47:00,7133.97,7134.21,7131.70,7131.96
2026-04-23 12:48:00,7132.00,7132.59,7131.69,7132.39
2026-04-23 12:49:00,7132.42,7133.13,7132.42,7132.72
2026-04-23 12:50:00,7132.82,7132.82,7131.58,7132.19
2026-04-23 12:51:00,7132.18,7133.77,7132.18,7133.54
2026-04-23 12:52:00,7133.64,7133.98,7132.81,7133.88
2026-04-23 12:53:00,7133.81,7134.56,7133.51,7133.54
2026-04-23 12:54:00,7133.54,7133.68,7132.91,7133.08
2026-04-23 12:55:00,7133.11,7133.94,7132.83,7133.94
2026-04-23 12:56:00,7133.89,7135.27,7133.71,7135.03
2026-04-23 12:57:00,7135.00,7135.76,7134.95,7135.61
2026-04-23 12:58:00,7135.51,7135.54,7130.26,7131.73
2026-04-23 12:59:00,7131.97,7133.22,7131.95,7132.35
2026-04-23 13:00:00,7132.39,7133.68,7132.23,7133.44
2026-04-23 13:01:00,7133.40,7134.36,7119.67,7119.67
2026-04-23 13:02:00,7119.81,7122.91,7118.37,7121.30
2026-04-23 13:03:00,7121.79,7123.47,7118.84,7120.42
2026-04-23 13:04:00,7120.45,7122.04,7114.49,7115.95
2026-04-23 13:05:00,7116.05,7116.20,7109.06,7113.21
2026-04-23 13:06:00,7113.54,7114.06,7111.65,7113.75
2026-04-23 13:07:00,7113.95,7114.85,7110.82,7111.60
2026-04-23 13:08:00,7111.95,7112.17,7108.88,7109.27
2026-04-23 13:09:00,7109.03,7110.16,7103.31,7103.52
2026-04-23 13:10:00,7103.28,7103.28,7098.85,7102.99
2026-04-23 13:11:00,7103.50,7104.27,7100.00,7100.78
2026-04-23 13:12:00,7101.19,7104.50,7097.93,7099.60
2026-04-23 13:13:00,7099.50,7100.22,7097.40,7098.16
2026-04-23 13:14:00,7098.07,7101.97,7098.07,7100.61
2026-04-23 13:15:00,7100.75,7100.75,7095.22,7095.42
2026-04-23 13:16:00,7095.27,7098.89,7090.03,7091.88
2026-04-23 13:17:00,7091.69,7091.69,7088.51,7091.60
2026-04-23 13:18:00,7091.62,7092.11,7088.80,7090.67
2026-04-23 13:19:00,7090.56,7091.54,7085.88,7088.32
2026-04-23 13:20:00,7088.43,7088.76,7085.98,7088.06
2026-04-23 13:21:00,7088.37,7092.35,7088.37,7089.62
2026-04-23 13:22:00,7089.39,7089.39,7083.67,7084.95
2026-04-23 13:23:00,7085.79,7088.88,7085.70,7088.04
2026-04-23 13:24:00,7088.07,7089.94,7085.07,7086.14
2026-04-23 13:25:00,7086.16,7086.54,7083.77,7085.59
2026-04-23 13:26:00,7085.78,7096.53,7085.78,7095.02
2026-04-23 13:27:00,7094.75,7094.87,7090.37,7091.67
2026-04-23 13:28:00,7091.74,7091.75,7083.77,7085.47
2026-04-23 13:29:00,7085.53,7085.68,7083.43,7084.35
2026-04-23 13:30:00,7084.17,7088.24,7082.99,7085.85
2026-04-23 13:31:00,7085.95,7086.24,7082.07,7085.50
2026-04-23 13:32:00,7085.45,7089.96,7085.06,7088.71
2026-04-23 13:33:00,7088.70,7089.71,7087.60,7089.69
2026-04-23 13:34:00,7090.26,7096.85,7090.26,7096.57
2026-04-23 13:35:00,7096.50,7099.69,7094.43,7095.16
2026-04-23 13:36:00,7095.26,7095.47,7082.25,7083.31
2026-04-23 13:37:00,7083.20,7083.56,7080.58,7082.76
2026-04-23 13:38:00,7082.76,7084.31,7080.72,7082.27
2026-04-23 13:39:00,7082.27,7083.58,7080.23,7080.75
2026-04-23 13:40:00,7081.39,7081.58,7073.66,7074.17
2026-04-23 13:41:00,7074.16,7074.16,7066.76,7067.39
2026-04-23 13:42:00,7067.31,7069.82,7061.87,7065.83
2026-04-23 13:43:00,7065.91,7065.91,7060.50,7061.05
2026-04-23 13:44:00,7061.23,7061.64,7057.09,7060.20
2026-04-23 13:45:00,7060.06,7060.06,7051.96,7056.97
2026-04-23 13:46:00,7056.26,7056.44,7046.55,7048.26
2026-04-23 13:47:00,7048.19,7062.27,7046.97,7062.02
2026-04-23 13:48:00,7060.80,7063.99,7059.36,7059.96
2026-04-23 13:49:00,7060.00,7061.37,7056.20,7058.08
2026-04-23 13:50:00,7058.02,7060.00,7052.28,7058.56
2026-04-23 13:51:00,7058.48,7058.88,7056.21,7058.28
2026-04-23 13:52:00,7057.99,7058.51,7053.89,7055.70
2026-04-23 13:53:00,7057.11,7088.52,7057.01,7077.03
2026-04-23 13:54:00,7076.98,7082.23,7074.40,7080.81
2026-04-23 13:55:00,7080.56,7089.01,7079.06,7089.01
2026-04-23 13:56:00,7088.94,7092.61,7086.73,7086.73
2026-04-23 13:57:00,7086.69,7091.00,7085.25,7085.53
2026-04-23 13:58:00,7085.37,7088.56,7083.00,7088.42
2026-04-23 13:59:00,7088.53,7091.42,7087.21,7090.54
2026-04-23 14:00:00,7090.57,7091.87,7088.68,7088.68
2026-04-23 14:01:00,7088.85,7102.23,7087.07,7098.86
2026-04-23 14:02:00,7097.15,7101.00,7094.15,7098.50
2026-04-23 14:03:00,7098.52,7099.95,7096.00,7096.44
2026-04-23 14:04:00,7096.45,7097.87,7094.92,7096.26
2026-04-23 14:05:00,7096.35,7098.92,7093.32,7098.19
2026-04-23 14:06:00,7098.26,7101.74,7098.17,7100.16
2026-04-23 14:07:00,7100.11,7102.80,7099.89,7101.89
2026-04-23 14:08:00,7101.88,7102.49,7099.43,7099.50
2026-04-23 14:09:00,7099.60,7100.36,7097.59,7097.59
2026-04-23 14:10:00,7097.61,7104.67,7097.61,7103.65
2026-04-23 14:11:00,7103.23,7104.55,7099.43,7099.43
2026-04-23 14:12:00,7099.50,7100.47,7096.24,7098.09
2026-04-23 14:13:00,7097.91,7100.37,7097.43,7100.31
2026-04-23 14:14:00,7100.30,7102.58,7100.30,7101.38
2026-04-23 14:15:00,7101.42,7102.65,7101.05,7101.89
2026-04-23 14:16:00,7101.70,7103.89,7101.40,7103.18
2026-04-23 14:17:00,7103.27,7105.67,7102.52,7102.52
2026-04-23 14:18:00,7102.64,7106.14,7101.41,7104.48
2026-04-23 14:19:00,7104.33,7105.97,7104.25,7105.14
2026-04-23 14:20:00,7105.28,7106.50,7105.28,7106.19
2026-04-23 14:21:00,7106.26,7108.18,7101.61,7102.99
2026-04-23 14:22:00,7103.01,7105.12,7103.01,7104.15
2026-04-23 14:23:00,7104.11,7106.71,7103.75,7106.56
2026-04-23 14:24:00,7106.49,7107.70,7105.76,7106.71
2026-04-23 14:25:00,7106.65,7106.98,7105.87,7106.98
2026-04-23 14:26:00,7106.94,7106.94,7104.74,7105.32
2026-04-23 14:27:00,7105.42,7106.62,7105.10,7105.46
2026-04-23 14:28:00,7105.49,7108.06,7104.56,7108.06
2026-04-23 14:29:00,7108.01,7109.47,7107.30,7109.07
2026-04-23 14:30:00,7109.07,7112.19,7108.91,7111.74
2026-04-23 14:31:00,7111.75,7114.77,7111.75,7112.94
2026-04-23 14:32:00,7112.98,7113.14,7111.76,7112.80
2026-04-23 14:33:00,7112.82,7115.31,7112.63,7114.65
2026-04-23 14:34:00,7114.54,7115.11,7113.89,7114.83
2026-04-23 14:35:00,7114.94,7117.33,7114.60,7117.16
2026-04-23 14:36:00,7117.10,7118.02,7117.09,7117.25
2026-04-23 14:37:00,7117.07,7118.47,7116.76,7118.47
2026-04-23 14:38:00,7118.40,7118.40,7114.39,7114.44
2026-04-23 14:39:00,7114.42,7114.45,7112.25,7112.91
2026-04-23 14:40:00,7113.01,7113.72,7112.48,7112.60
2026-04-23 14:41:00,7112.52,7112.80,7111.28,7111.66
2026-04-23 14:42:00,7111.45,7111.72,7107.65,7107.65
2026-04-23 14:43:00,7107.69,7108.71,7105.47,7107.50
2026-04-23 14:44:00,7107.46,7110.91,7107.46,7110.33
2026-04-23 14:45:00,7110.24,7110.29,7108.38,7109.28
2026-04-23 14:46:00,7109.30,7109.30,7107.68,7107.68
2026-04-23 14:47:00,7107.71,7109.61,7107.51,7107.94
2026-04-23 14:48:00,7108.04,7108.70,7107.27,7108.37
2026-04-23 14:49:00,7108.42,7108.42,7104.30,7104.69
2026-04-23 14:50:00,7104.34,7104.34,7100.90,7103.52
2026-04-23 14:51:00,7103.54,7103.72,7101.91,7103.13
2026-04-23 14:52:00,7104.11,7106.77,7104.01,7106.77
2026-04-23 14:53:00,7106.78,7107.39,7105.65,7106.26
2026-04-23 14:54:00,7106.19,7106.43,7103.94,7105.02
2026-04-23 14:55:00,7105.04,7105.58,7104.24,7105.27
2026-04-23 14:56:00,7105.31,7105.31,7102.38,7102.57
2026-04-23 14:57:00,7102.48,7102.48,7100.78,7101.35
2026-04-23 14:58:00,7101.32,7101.74,7098.94,7099.74
2026-04-23 14:59:00,7099.85,7100.07,7092.15,7094.77
2026-04-23 15:00:00,7094.78,7096.52,7093.66,7095.89
2026-04-23 15:01:00,7095.92,7096.62,7093.70,7095.93
2026-04-23 15:02:00,7095.99,7095.99,7091.76,7094.37
2026-04-23 15:03:00,7094.47,7096.27,7094.47,7095.75
2026-04-23 15:04:00,7095.52,7095.72,7094.24,7095.56
2026-04-23 15:05:00,7095.52,7099.92,7095.52,7099.85
2026-04-23 15:06:00,7100.08,7102.90,7100.01,7101.46
2026-04-23 15:07:00,7101.47,7103.92,7101.06,7103.69
2026-04-23 15:08:00,7103.45,7104.26,7102.97,7103.71
2026-04-23 15:09:00,7103.44,7104.19,7103.04,7103.11
2026-04-23 15:10:00,7102.77,7103.17,7100.76,7101.31
2026-04-23 15:11:00,7101.32,7103.51,7100.90,7103.44
2026-04-23 15:12:00,7103.38,7103.38,7101.16,7102.09
2026-04-23 15:13:00,7102.32,7103.64,7102.32,7103.42
2026-04-23 15:14:00,7103.46,7105.46,7103.38,7105.39
2026-04-23 15:15:00,7105.46,7107.00,7105.46,7106.21
2026-04-23 15:16:00,7106.25,7109.58,7106.25,7109.48
2026-04-23 15:17:00,7109.39,7109.81,7107.92,7107.92
2026-04-23 15:18:00,7107.63,7108.21,7107.18,7107.36
2026-04-23 15:19:00,7107.67,7108.80,7107.62,7108.35
2026-04-23 15:20:00,7108.26,7108.55,7107.27,7108.45
2026-04-23 15:21:00,7108.58,7109.18,7106.58,7106.70
2026-04-23 15:22:00,7106.65,7108.03,7106.01,7106.92
2026-04-23 15:23:00,7106.91,7107.90,7106.61,7106.65
2026-04-23 15:24:00,7106.69,7107.57,7106.50,7107.30
2026-04-23 15:25:00,7107.30,7108.29,7107.20,7107.72
2026-04-23 15:26:00,7107.84,7108.71,7107.40,7108.49
2026-04-23 15:27:00,7108.51,7108.51,7106.40,7106.50
2026-04-23 15:28:00,7106.53,7109.48,7106.53,7108.43
2026-04-23 15:29:00,7108.44,7108.64,7107.61,7107.82
2026-04-23 15:30:00,7107.92,7109.52,7106.88,7108.45
2026-04-23 15:31:00,7108.55,7111.28,7108.55,7110.61
2026-04-23 15:32:00,7110.63,7112.19,7109.96,7111.15
2026-04-23 15:33:00,7111.22,7111.22,7107.60,7107.60
2026-04-23 15:34:00,7107.66,7107.66,7102.95,7103.00
2026-04-23 15:35:00,7103.04,7103.04,7097.24,7099.57
2026-04-23 15:36:00,7099.53,7099.91,7097.14,7098.51
2026-04-23 15:37:00,7098.70,7098.85,7097.20,7097.78
2026-04-23 15:38:00,7097.75,7101.41,7095.47,7101.09
2026-04-23 15:39:00,7101.16,7101.47,7098.56,7098.87
2026-04-23 15:40:00,7098.90,7102.96,7098.90,7102.75
2026-04-23 15:41:00,7102.68,7103.79,7102.31,7102.64
2026-04-23 15:42:00,7102.65,7102.65,7100.79,7101.20
2026-04-23 15:43:00,7101.25,7101.47,7097.43,7097.64
2026-04-23 15:44:00,7097.73,7098.03,7096.87,7097.15
2026-04-23 15:45:00,7096.89,7100.32,7096.38,7099.34
2026-04-23 15:46:00,7099.31,7100.66,7098.06,7099.78
2026-04-23 15:47:00,7099.75,7100.16,7098.78,7099.57
2026-04-23 15:48:00,7099.62,7101.39,7099.36,7100.73
2026-04-23 15:49:00,7100.72,7102.73,7100.72,7102.68
2026-04-23 15:50:00,7102.81,7102.81,7090.38,7100.28
2026-04-23 15:51:00,7100.36,7101.36,7098.58,7101.36
2026-04-23 15:52:00,7101.21,7102.92,7100.24,7102.92
2026-04-23 15:53:00,7103.04,7105.60,7103.04,7104.45
2026-04-23 15:54:00,7104.44,7104.44,7101.66,7104.13
2026-04-23 15:55:00,7104.34,7104.34,7102.59,7104.27
2026-04-23 15:56:00,7104.31,7106.44,7104.10,7105.88
2026-04-23 15:57:00,7105.90,7109.06,7105.56,7108.90
2026-04-23 15:58:00,7108.83,7111.16,7108.27,7110.75
2026-04-23 15:59:00,7110.58,7112.14,7108.04,7108.04
2026-04-23 16:00:00,7108.88,7108.88,7108.30,7108.31
2026-04-23 16:01:00,7108.31,7108.35,7108.31,7108.35
2026-04-23 16:02:00,7108.35,7108.39,7108.35,7108.39
2026-04-23 16:03:00,7108.39,7108.40,7108.38,7108.40
2026-04-23 16:04:00,7108.40,7108.40,7108.40,7108.40
2026-04-23 16:05:00,7108.40,7108.40,7108.40,7108.40
2026-04-23 16:06:00,7108.40,7108.40,7108.40,7108.40
2026-04-23 16:07:00,7108.40,7108.40,7108.40,7108.40
2026-04-23 16:08:00,7108.40,7108.40,7108.40,7108.40
2026-04-23 16:09:00,7108.40,7108.40,7108.40,7108.40
2026-04-23 16:10:00,7108.40,7108.40,7108.40,7108.40
2026-04-23 16:11:00,7108.40,7108.40,7108.40,7108.40
2026-04-23 16:12:00,7108.40,7108.40,7108.40,7108.40
2026-04-23 16:13:00,7108.40,7108.40,7108.40,7108.40
2026-04-23 16:14:00,7108.40,7108.40,7108.40,7108.40
2026-04-23 16:15:00,7108.40,7108.40,7108.40,7108.40
2026-04-23 16:16:00,7108.40,7108.40,7108.40,7108.40
2026-04-23 16:17:00,7108.40,7108.40,7108.40,7108.40
2026-04-23 16:18:00,7108.40,7108.40,7108.40,7108.40
2026-04-23 16:19:00,7108.40,7108.40,7108.40,7108.40
2026-04-23 16:20:00,7108.40,7108.40,7108.40,7108.40
2026-04-23 16:40:00,7108.40,7108.40,7108.40,7108.40
2026-04-24 09:30:00,7136.48,7137.12,7128.61,7129.34
2026-04-24 09:31:00,7129.48,7130.59,7125.06,7125.51
2026-04-24 09:32:00,7125.78,7125.84,7122.43,7123.73
2026-04-24 09:33:00,7123.89,7127.15,7122.98,7125.09
2026-04-24 09:34:00,7125.00,7126.91,7122.70,7122.78
2026-04-24 09:35:00,7122.50,7122.61,7117.82,7117.82
2026-04-24 09:36:00,7118.10,7123.11,7118.10,7121.22
2026-04-24 09:37:00,7121.26,7125.32,7120.68,7124.59
2026-04-24 09:38:00,7124.00,7126.78,7122.79,7126.52
2026-04-24 09:39:00,7126.91,7128.50,7125.76,7126.32
2026-04-24 09:40:00,7126.39,7128.16,7125.89,7127.15
2026-04-24 09:41:00,7126.93,7127.62,7124.69,7126.82
2026-04-24 09:42:00,7126.85,7128.77,7126.00,7126.08
2026-04-24 09:43:00,7126.00,7126.62,7123.24,7123.92
2026-04-24 09:44:00,7123.84,7124.87,7122.15,7123.70
2026-04-24 09:45:00,7123.89,7125.77,7122.86,7123.30
2026-04-24 09:46:00,7123.59,7124.24,7121.15,7123.61
2026-04-24 09:47:00,7123.48,7123.77,7121.31,7122.51
2026-04-24 09:48:00,7122.96,7127.46,7122.62,7125.34
2026-04-24 09:49:00,7125.72,7126.99,7123.21,7126.99
2026-04-24 09:50:00,7127.30,7128.71,7125.34,7125.43
2026-04-24 09:51:00,7124.98,7124.98,7121.25,7122.21
2026-04-24 09:52:00,7122.58,7124.94,7122.16,7123.26
2026-04-24 09:53:00,7123.32,7123.39,7120.92,7121.84
2026-04-24 09:54:00,7121.98,7122.10,7117.07,7117.59
2026-04-24 09:55:00,7118.07,7118.07,7113.85,7114.93
2026-04-24 09:56:00,7115.85,7116.87,7112.82,7115.64
2026-04-24 09:57:00,7116.13,7121.61,7116.13,7121.15
2026-04-24 09:58:00,7121.22,7123.47,7120.10,7121.84
2026-04-24 09:59:00,7121.75,7123.73,7121.68,7123.45
2026-04-24 10:00:00,7123.25,7123.25,7117.35,7118.51
2026-04-24 10:01:00,7118.53,7124.09,7116.35,7120.97
2026-04-24 10:02:00,7120.86,7120.86,7117.38,7117.39
2026-04-24 10:03:00,7117.15,7118.12,7114.61,7117.70
2026-04-24 10:04:00,7117.56,7121.41,7114.89,7119.50
2026-04-24 10:05:00,7119.86,7123.38,7119.10,7120.18
2026-04-24 10:06:00,7120.16,7121.93,7118.96,7120.86
2026-04-24 10:07:00,7120.93,7121.42,7117.06,7120.04
2026-04-24 10:08:00,7119.80,7122.41,7119.48,7121.45
2026-04-24 10:09:00,7121.76,7126.41,7121.76,7123.90
2026-04-24 10:10:00,7123.90,7123.90,7121.25,7121.25
2026-04-24 10:11:00,7121.19,7125.56,7121.15,7125.06
2026-04-24 10:12:00,7124.82,7129.01,7124.82,7128.92
2026-04-24 10:13:00,7129.00,7129.99,7126.28,7127.45
2026-04-24 10:14:00,7127.31,7129.09,7123.52,7124.06
2026-04-24 10:15:00,7123.98,7126.37,7122.33,7126.19
2026-04-24 10:16:00,7126.41,7129.16,7126.37,7128.47
2026-04-24 10:17:00,7128.44,7128.44,7125.61,7126.41
2026-04-24 10:18:00,7126.19,7126.19,7123.74,7124.50
2026-04-24 10:19:00,7124.51,7128.10,7124.41,7127.72
2026-04-24 10:20:00,7127.62,7130.05,7127.27,7128.41
2026-04-24 10:21:00,7128.28,7128.28,7123.76,7125.26
2026-04-24 10:22:00,7125.26,7126.62,7124.32,7125.91
2026-04-24 10:23:00,7126.12,7127.56,7125.23,7126.22
2026-04-24 10:24:00,7126.14,7128.48,7125.31,7127.67
2026-04-24 10:25:00,7127.40,7127.40,7124.77,7125.38
2026-04-24 10:26:00,7125.63,7125.88,7118.89,7120.59
2026-04-24 10:27:00,7120.97,7121.59,7118.33,7119.57
2026-04-24 10:28:00,7119.37,7123.68,7118.28,7122.97
2026-04-24 10:29:00,7122.94,7122.94,7120.18,7121.08
2026-04-24 10:30:00,7121.50,7124.04,7120.99,7121.16
2026-04-24 10:31:00,7120.73,7121.04,7118.68,7118.68
2026-04-24 10:32:00,7118.66,7121.54,7118.27,7121.16
2026-04-24 10:33:00,7120.97,7121.36,7119.79,7121.19
2026-04-24 10:34:00,7120.95,7125.58,7120.95,7124.28
2026-04-24 10:35:00,7124.24,7124.99,7122.86,7124.61
2026-04-24 10:36:00,7124.75,7127.09,7124.63,7126.90
2026-04-24 10:37:00,7126.40,7126.88,7123.24,7123.63
2026-04-24 10:38:00,7123.46,7131.32,7122.50,7130.03
2026-04-24 10:39:00,7130.06,7131.79,7129.52,7129.52
2026-04-24 10:40:00,7129.57,7131.17,7129.57,7130.76
2026-04-24 10:41:00,7130.36,7132.54,7130.21,7131.33
2026-04-24 10:42:00,7131.21,7132.03,7129.16,7129.32
2026-04-24 10:43:00,7129.25,7132.53,7129.15,7131.98
2026-04-24 10:44:00,7131.82,7133.96,7131.39,7133.54
2026-04-24 10:45:00,7133.59,7134.72,7133.24,7133.61
2026-04-24 10:46:00,7133.46,7137.97,7132.68,7137.37
2026-04-24 10:47:00,7137.31,7137.31,7132.90,7133.25
2026-04-24 10:48:00,7133.55,7135.18,7131.97,7131.97
2026-04-24 10:49:00,7131.90,7135.78,7130.94,7135.58
2026-04-24 10:50:00,7135.25,7136.33,7134.49,7134.95
2026-04-24 10:51:00,7134.85,7135.87,7132.89,7135.38
2026-04-24 10:52:00,7135.35,7136.37,7135.33,7136.03
2026-04-24 10:53:00,7135.84,7136.65,7135.25,7135.51
2026-04-24 10:54:00,7135.58,7136.50,7134.69,7134.85
2026-04-24 10:55:00,7134.78,7137.78,7134.78,7136.29
2026-04-24 10:56:00,7136.36,7138.46,7136.36,7138.39
2026-04-24 10:57:00,7138.30,7139.65,7138.30,7139.19
2026-04-24 10:58:00,7139.27,7139.52,7136.79,7137.68
2026-04-24 10:59:00,7137.71,7138.43,7137.47,7138.05
2026-04-24 11:00:00,7137.91,7138.89,7136.81,7138.08
2026-04-24 11:01:00,7138.44,7140.12,7138.19,7139.57
2026-04-24 11:02:00,7139.33,7139.33,7137.42,7138.65
2026-04-24 11:03:00,7139.12,7140.39,7139.02,7139.46
2026-04-24 11:04:00,7139.45,7139.45,7137.68,7138.64
2026-04-24 11:05:00,7138.78,7139.46,7137.70,7138.17
2026-04-24 11:06:00,7138.16,7138.49,7135.82,7135.92
2026-04-24 11:07:00,7136.04,7138.71,7135.92,7137.63
2026-04-24 11:08:00,7137.58,7138.93,7137.58,7137.85
2026-04-24 11:09:00,7137.88,7139.77,7137.88,7139.17
2026-04-24 11:10:00,7139.08,7140.82,7139.08,7139.96
2026-04-24 11:11:00,7140.09,7140.91,7139.32,7140.11
2026-04-24 11:12:00,7140.25,7142.14,7140.25,7140.91
2026-04-24 11:13:00,7141.07,7142.06,7140.93,7141.38
2026-04-24 11:14:00,7141.19,7141.19,7139.93,7141.01
2026-04-24 11:15:00,7141.22,7141.97,7139.60,7139.60
2026-04-24 11:16:00,7139.76,7140.54,7139.19,7140.34
2026-04-24 11:17:00,7140.46,7141.36,7139.71,7141.36
2026-04-24 11:18:00,7141.42,7141.46,7139.69,7139.70
2026-04-24 11:19:00,7140.16,7140.54,7139.65,7140.14
2026-04-24 11:20:00,7140.17,7141.54,7138.82,7141.49
2026-04-24 11:21:00,7141.48,7142.98,7141.48,7142.32
2026-04-24 11:22:00,7142.13,7143.96,7142.13,7143.48
2026-04-24 11:23:00,7143.87,7145.11,7143.87,7144.55
2026-04-24 11:24:00,7144.46,7145.17,7142.86,7144.47
2026-04-24 11:25:00,7144.23,7144.23,7141.70,7141.70
2026-04-24 11:26:00,7141.49,7141.70,7140.20,7140.63
2026-04-24 11:27:00,7140.47,7141.94,7140.27,7141.83
2026-04-24 11:28:00,7141.55,7143.35,7141.24,7143.04
2026-04-24 11:29:00,7143.03,7143.03,7141.62,7142.31
2026-04-24 11:30:00,7142.56,7144.35,7141.83,7143.72
2026-04-24 11:31:00,7143.52,7145.44,7143.52,7144.98
2026-04-24 11:32:00,7145.16,7145.55,7143.28,7143.56
2026-04-24 11:33:00,7143.82,7144.43,7142.96,7144.43
2026-04-24 11:34:00,7144.49,7144.72,7143.28,7143.31
2026-04-24 11:35:00,7143.32,7144.27,7142.01,7142.92
2026-04-24 11:36:00,7142.80,7143.20,7141.54,7141.91
2026-04-24 11:37:00,7141.92,7142.32,7141.15,7141.44
2026-04-24 11:38:00,7141.20,7142.73,7140.34,7141.49
2026-04-24 11:39:00,7141.63,7142.02,7139.71,7140.70
2026-04-24 11:40:00,7140.75,7143.58,7140.27,7143.11
2026-04-24 11:41:00,7143.33,7144.48,7142.27,7144.07
2026-04-24 11:42:00,7144.09,7144.72,7142.86,7142.86
2026-04-24 11:43:00,7142.98,7143.02,7141.44,7141.80
2026-04-24 11:44:00,7141.98,7157.91,7141.48,7156.18
2026-04-24 11:45:00,7157.05,7163.73,7154.91,7154.91
2026-04-24 11:46:00,7154.82,7155.35,7151.29,7154.59
2026-04-24 11:47:00,7154.90,7159.39,7154.90,7158.02
2026-04-24 11:48:00,7157.56,7158.53,7155.04,7155.04
2026-04-24 11:49:00,7155.11,7156.96,7154.48,7156.75
2026-04-24 11:50:00,7156.67,7163.52,7156.67,7162.49
2026-04-24 11:51:00,7162.58,7163.54,7161.26,7162.69
2026-04-24 11:52:00,7162.41,7164.12,7160.76,7162.91
2026-04-24 11:53:00,7162.68,7163.86,7161.61,7162.63
2026-04-24 11:54:00,7162.70,7163.59,7162.44,7163.19
2026-04-24 11:55:00,7163.44,7164.45,7162.52,7163.79
2026-04-24 11:56:00,7163.83,7163.83,7161.78,7162.16
2026-04-24 11:57:00,7162.33,7162.46,7160.76,7161.17
2026-04-24 11:58:00,7161.12,7161.85,7160.30,7161.34
2026-04-24 11:59:00,7161.07,7161.93,7160.09,7161.90
2026-04-24 12:00:00,7161.87,7162.79,7161.48,7162.32
2026-04-24 12:01:00,7162.54,7162.78,7160.54,7161.99
2026-04-24 12:02:00,7161.91,7162.68,7161.57,7162.12
2026-04-24 12:03:00,7162.05,7162.05,7158.72,7160.87
2026-04-24 12:04:00,7160.90,7162.22,7160.90,7162.14
2026-04-24 12:05:00,7162.17,7163.36,7161.72,7161.72
2026-04-24 12:06:00,7162.05,7163.43,7161.89,7161.89
2026-04-24 12:07:00,7161.82,7161.86,7156.71,7156.85
2026-04-24 12:08:00,7156.91,7157.55,7154.59,7156.08
2026-04-24 12:09:00,7155.93,7156.18,7154.93,7156.04
2026-04-24 12:10:00,7156.12,7158.35,7155.55,7158.12
2026-04-24 12:11:00,7158.34,7160.34,7158.07,7159.97
2026-04-24 12:12:00,7160.04,7161.54,7159.57,7159.57
2026-04-24 12:13:00,7159.56,7160.96,7158.95,7160.93
2026-04-24 12:14:00,7160.83,7160.83,7157.57,7157.72
2026-04-24 12:15:00,7157.68,7157.68,7154.25,7154.25
2026-04-24 12:16:00,7154.45,7157.80,7154.40,7157.10
2026-04-24 12:17:00,7156.94,7157.60,7156.85,7157.40
2026-04-24 12:18:00,7157.58,7157.86,7156.99,7157.55
2026-04-24 12:19:00,7157.53,7157.64,7156.60,7156.78
2026-04-24 12:20:00,7157.07,7158.97,7156.94,7157.96
2026-04-24 12:21:00,7158.10,7158.75,7158.00,7158.17
2026-04-24 12:22:00,7158.21,7158.21,7156.53,7157.08
2026-04-24 12:23:00,7157.26,7157.65,7156.45,7156.69
2026-04-24 12:24:00,7156.52,7158.24,7156.52,7158.24
2026-04-24 12:25:00,7158.28,7159.90,7158.28,7159.25
2026-04-24 12:26:00,7159.08,7159.10,7157.60,7158.76
2026-04-24 12:27:00,7158.65,7159.25,7157.70,7158.11
2026-04-24 12:28:00,7158.13,7158.76,7157.89,7158.08
2026-04-24 12:29:00,7158.08,7158.08,7155.80,7156.57
2026-04-24 12:30:00,7156.47,7160.58,7156.47,7160.08
2026-04-24 12:31:00,7160.13,7162.46,7159.99,7161.31
2026-04-24 12:32:00,7161.29,7161.84,7160.74,7160.74
2026-04-24 12:33:00,7160.69,7160.73,7159.76,7160.08
2026-04-24 12:34:00,7159.90,7160.81,7159.13,7160.76
2026-04-24 12:35:00,7160.78,7161.12,7157.92,7158.03
2026-04-24 12:36:00,7158.05,7158.79,7157.64,7158.12
2026-04-24 12:37:00,7158.10,7160.77,7157.75,7160.48
2026-04-24 12:38:00,7160.43,7160.43,7158.83,7159.20
2026-04-24 12:39:00,7159.23,7159.79,7157.94,7158.20
2026-04-24 12:40:00,7158.33,7158.58,7157.43,7157.56
2026-04-24 12:41:00,7157.72,7158.35,7156.91,7157.07
2026-04-24 12:42:00,7157.04,7157.08,7154.61,7154.85
2026-04-24 12:43:00,7154.68,7154.87,7152.36,7153.15
2026-04-24 12:44:00,7153.15,7155.02,7152.89,7154.83
2026-04-24 12:45:00,7154.94,7157.12,7154.94,7157.12
2026-04-24 12:46:00,7157.24,7157.27,7155.87,7156.45
2026-04-24 12:47:00,7156.66,7156.66,7154.47,7154.89
2026-04-24 12:48:00,7154.92,7156.61,7154.92,7155.74
2026-04-24 12:49:00,7155.73,7155.97,7154.13,7155.97
2026-04-24 12:50:00,7155.80,7157.38,7155.80,7156.89
2026-04-24 12:51:00,7156.83,7158.39,7156.30,7158.39
2026-04-24 12:52:00,7158.50,7159.41,7158.26,7158.57
2026-04-24 12:53:00,7158.59,7158.92,7157.67,7157.68
2026-04-24 12:54:00,7157.71,7158.12,7156.89,7157.96
2026-04-24 12:55:00,7157.89,7159.81,7157.89,7158.65
2026-04-24 12:56:00,7158.66,7158.73,7157.67,7158.03
2026-04-24 12:57:00,7158.06,7158.36,7157.41,7157.85
2026-04-24 12:58:00,7157.79,7160.98,7157.78,7160.00
2026-04-24 12:59:00,7160.04,7160.42,7159.51,7159.93
2026-04-24 13:00:00,7159.87,7161.41,7159.75,7160.74
2026-04-24 13:01:00,7160.72,7161.50,7159.93,7160.13
2026-04-24 13:02:00,7160.17,7161.51,7159.65,7160.05
2026-04-24 13:03:00,7160.11,7161.66,7160.10,7161.34
2026-04-24 13:04:00,7161.12,7161.14,7159.16,7159.76
2026-04-24 13:05:00,7159.63,7160.23,7158.44,7158.50
2026-04-24 13:06:00,7158.61,7159.11,7157.77,7159.07
2026-04-24 13:07:00,7159.04,7159.44,7157.19,7157.74
2026-04-24 13:08:00,7158.04,7158.26,7157.08,7157.27
2026-04-24 13:09:00,7157.35,7158.55,7157.17,7157.55
2026-04-24 13:10:00,7157.59,7158.85,7156.87,7158.81
2026-04-24 13:11:00,7158.90,7159.77,7158.55,7158.81
2026-04-24 13:12:00,7158.76,7158.76,7157.60,7158.22
2026-04-24 13:13:00,7158.13,7158.53,7156.66,7157.18
2026-04-24 13:14:00,7157.12,7157.73,7157.03,7157.54
2026-04-24 13:15:00,7157.54,7157.72,7155.56,7155.75
2026-04-24 13:16:00,7155.54,7155.62,7154.79,7155.11
2026-04-24 13:17:00,7155.15,7155.68,7154.76,7155.18
2026-04-24 13:18:00,7155.21,7155.35,7154.77,7155.31
2026-04-24 13:19:00,7155.28,7155.32,7154.66,7154.78
2026-04-24 13:20:00,7154.87,7155.34,7153.63,7154.11
2026-04-24 13:21:00,7154.16,7154.16,7152.53,7152.68
2026-04-24 13:22:00,7152.44,7152.78,7151.88,7151.94
2026-04-24 13:23:00,7151.77,7151.77,7150.38,7151.46
2026-04-24 13:24:00,7151.40,7155.10,7151.40,7154.98
2026-04-24 13:25:00,7155.09,7155.62,7154.29,7154.89
2026-04-24 13:26:00,7155.32,7156.60,7154.89,7155.40
2026-04-24 13:27:00,7155.38,7155.72,7154.44,7154.62
2026-04-24 13:28:00,7154.75,7155.26,7154.64,7155.14
2026-04-24 13:29:00,7155.26,7155.82,7153.88,7153.88
2026-04-24 13:30:00,7153.84,7153.94,7151.93,7153.04
2026-04-24 13:31:00,7153.03,7153.31,7151.47,7151.80
2026-04-24 13:32:00,7151.79,7152.95,7151.63,7152.66
2026-04-24 13:33:00,7152.76,7153.73,7152.57,7153.17
2026-04-24 13:34:00,7153.19,7155.15,7152.19,7154.63
2026-04-24 13:35:00,7154.59,7156.93,7154.13,7155.88
2026-04-24 13:36:00,7155.93,7159.04,7155.93,7158.77
2026-04-24 13:37:00,7158.63,7159.09,7157.75,7157.80
2026-04-24 13:38:00,7157.81,7158.14,7156.73,7157.16
2026-04-24 13:39:00,7157.19,7157.19,7155.24,7155.68
2026-04-24 13:40:00,7155.74,7156.99,7155.70,7156.72
2026-04-24 13:41:00,7156.67,7158.96,7156.17,7158.69
2026-04-24 13:42:00,7158.71,7158.71,7157.27,7158.15
2026-04-24 13:43:00,7158.13,7158.50,7157.63,7157.92
2026-04-24 13:44:00,7158.18,7159.38,7157.92,7159.27
2026-04-24 13:45:00,7159.22,7159.95,7158.93,7159.11
2026-04-24 13:46:00,7159.18,7160.01,7159.08,7159.53
2026-04-24 13:47:00,7159.28,7159.28,7158.02,7158.91
2026-04-24 13:48:00,7158.89,7159.81,7158.48,7159.01
2026-04-24 13:49:00,7158.97,7159.25,7158.02,7158.35
2026-04-24 13:50:00,7158.22,7159.13,7158.19,7158.70
2026-04-24 13:51:00,7158.84,7159.44,7158.28,7158.50
2026-04-24 13:52:00,7158.49,7159.37,7157.80,7159.37
2026-04-24 13:53:00,7159.39,7160.28,7159.17,7160.03
2026-04-24 13:54:00,7160.08,7167.23,7160.08,7163.02
2026-04-24 13:55:00,7162.89,7163.87,7161.41,7161.41
2026-04-24 13:56:00,7161.28,7162.29,7161.28,7161.42
2026-04-24 13:57:00,7161.36,7161.82,7160.42,7160.42
2026-04-24 13:58:00,7160.54,7161.34,7160.48,7160.93
2026-04-24 13:59:00,7160.92,7161.11,7160.20,7160.58
2026-04-24 14:00:00,7160.58,7160.89,7158.61,7158.78
2026-04-24 14:01:00,7158.62,7160.70,7158.62,7160.70
2026-04-24 14:02:00,7160.64,7161.48,7160.15,7160.86
2026-04-24 14:03:00,7160.74,7160.80,7159.32,7159.69
2026-04-24 14:04:00,7159.67,7160.15,7158.95,7159.61
2026-04-24 14:05:00,7159.58,7159.58,7156.68,7156.85
2026-04-24 14:06:00,7156.99,7158.19,7156.92,7158.03
2026-04-24 14:07:00,7158.13,7159.72,7157.96,7159.71
2026-04-24 14:08:00,7159.72,7161.24,7159.72,7160.95
2026-04-24 14:09:00,7160.86,7160.91,7160.16,7160.52
2026-04-24 14:10:00,7160.58,7161.12,7160.03,7160.19
2026-04-24 14:11:00,7160.19,7160.69,7159.42,7159.42
2026-04-24 14:12:00,7159.29,7159.76,7158.24,7158.24
2026-04-24 14:13:00,7158.26,7159.30,7157.87,7157.87
2026-04-24 14:14:00,7157.88,7158.64,7157.61,7158.64
2026-04-24 14:15:00,7158.70,7159.49,7158.51,7158.53
2026-04-24 14:16:00,7158.49,7158.82,7155.85,7156.39
2026-04-24 14:17:00,7156.38,7156.64,7155.24,7155.46
2026-04-24 14:18:00,7155.30,7156.16,7154.51,7156.16
2026-04-24 14:19:00,7156.14,7156.57,7155.50,7156.16
2026-04-24 14:20:00,7156.22,7156.22,7154.46,7154.46
2026-04-24 14:21:00,7154.58,7155.58,7154.52,7154.85
2026-04-24 14:22:00,7154.63,7155.22,7153.59,7153.59
2026-04-24 14:23:00,7153.70,7154.85,7153.52,7154.77
2026-04-24 14:24:00,7154.82,7156.09,7154.64,7156.01
2026-04-24 14:25:00,7155.98,7157.06,7155.24,7157.06
2026-04-24 14:26:00,7156.96,7158.01,7156.56,7157.62
2026-04-24 14:27:00,7157.55,7157.75,7155.64,7155.80
2026-04-24 14:28:00,7155.89,7155.99,7153.90,7154.22
2026-04-24 14:29:00,7154.21,7154.68,7153.75,7153.95
2026-04-24 14:30:00,7153.88,7155.56,7153.62,7154.61
2026-04-24 14:31:00,7154.56,7156.00,7154.43,7155.46
2026-04-24 14:32:00,7155.56,7157.93,7155.28,7157.13
2026-04-24 14:33:00,7157.19,7157.28,7156.19,7157.00
2026-04-24 14:34:00,7157.06,7158.43,7156.90,7158.25
2026-04-24 14:35:00,7158.17,7158.91,7157.69,7158.35
2026-04-24 14:36:00,7158.32,7158.57,7157.16,7158.33
2026-04-24 14:37:00,7158.29,7158.58,7158.05,7158.36
2026-04-24 14:38:00,7158.36,7159.50,7158.33,7158.99
2026-04-24 14:39:00,7159.04,7159.27,7158.27,7158.50
2026-04-24 14:40:00,7158.80,7159.88,7158.72,7159.69
2026-04-24 14:41:00,7159.73,7160.11,7159.13,7159.14
2026-04-24 14:42:00,7158.97,7159.08,7157.91,7157.94
2026-04-24 14:43:00,7157.92,7157.92,7156.24,7156.60
2026-04-24 14:44:00,7156.60,7157.61,7156.60,7157.34
2026-04-24 14:45:00,7157.41,7157.41,7155.31,7155.72
2026-04-24 14:46:00,7155.80,7157.19,7155.80,7156.11
2026-04-24 14:47:00,7156.05,7157.93,7155.47,7157.87
2026-04-24 14:48:00,7157.82,7157.82,7157.03,7157.49
2026-04-24 14:49:00,7157.54,7158.37,7156.63,7156.63
2026-04-24 14:50:00,7156.64,7157.14,7155.67,7156.80
2026-04-24 14:51:00,7156.74,7157.54,7156.65,7156.94
2026-04-24 14:52:00,7157.32,7158.37,7157.32,7157.73
2026-04-24 14:53:00,7157.74,7158.88,7157.50,7158.14
2026-04-24 14:54:00,7158.12,7158.33,7156.85,7157.21
2026-04-24 14:55:00,7157.16,7157.78,7156.75,7157.69
2026-04-24 14:56:00,7157.62,7157.97,7156.90,7157.47
2026-04-24 14:57:00,7157.39,7157.96,7157.27,7157.50
2026-04-24 14:58:00,7157.52,7158.91,7157.23,7158.89
2026-04-24 14:59:00,7158.99,7159.77,7158.90,7159.61
2026-04-24 15:00:00,7159.58,7161.76,7159.58,7160.94
2026-04-24 15:01:00,7161.04,7161.58,7160.95,7160.95
2026-04-24 15:02:00,7160.97,7162.20,7160.93,7161.52
2026-04-24 15:03:00,7161.58,7161.82,7160.53,7160.72
2026-04-24 15:04:00,7160.63,7161.54,7160.63,7161.09
2026-04-24 15:05:00,7161.05,7161.72,7160.67,7160.72
2026-04-24 15:06:00,7160.80,7161.79,7160.77,7161.61
2026-04-24 15:07:00,7161.61,7162.35,7161.61,7162.35
2026-04-24 15:08:00,7162.88,7164.39,7162.88,7163.69
2026-04-24 15:09:00,7163.68,7165.33,7163.55,7165.07
2026-04-24 15:10:00,7165.07,7166.23,7164.89,7165.53
2026-04-24 15:11:00,7165.56,7166.08,7165.26,7165.72
2026-04-24 15:12:00,7165.74,7166.70,7165.60,7166.70
2026-04-24 15:13:00,7166.84,7167.53,7165.95,7167.08
2026-04-24 15:14:00,7167.07,7167.07,7165.88,7166.49
2026-04-24 15:15:00,7166.34,7168.11,7166.34,7168.03
2026-04-24 15:16:00,7168.01,7168.01,7166.74,7167.70
2026-04-24 15:17:00,7167.67,7168.59,7167.61,7167.79
2026-04-24 15:18:00,7167.87,7167.87,7165.72,7166.38
2026-04-24 15:19:00,7166.52,7167.16,7166.31,7166.64
2026-04-24 15:20:00,7166.56,7166.59,7164.70,7165.56
2026-04-24 15:21:00,7165.43,7165.59,7163.57,7164.03
2026-04-24 15:22:00,7164.02,7164.82,7163.87,7164.28
2026-04-24 15:23:00,7164.28,7164.38,7163.09,7163.12
2026-04-24 15:24:00,7163.11,7163.11,7161.71,7162.09
2026-04-24 15:25:00,7162.08,7162.57,7160.61,7160.61
2026-04-24 15:26:00,7160.58,7160.81,7159.73,7160.15
2026-04-24 15:27:00,7160.18,7161.56,7159.50,7161.17
2026-04-24 15:28:00,7161.24,7161.80,7160.56,7161.68
2026-04-24 15:29:00,7161.68,7162.30,7161.35,7161.68
2026-04-24 15:30:00,7161.52,7161.52,7159.16,7159.86
2026-04-24 15:31:00,7159.88,7160.37,7158.54,7159.83
2026-04-24 15:32:00,7159.82,7161.96,7159.82,7161.35
2026-04-24 15:33:00,7161.23,7162.15,7160.70,7161.36
2026-04-24 15:34:00,7161.40,7161.64,7160.72,7160.76
2026-04-24 15:35:00,7160.71,7160.71,7158.44,7158.44
2026-04-24 15:36:00,7158.44,7160.38,7158.38,7159.87
2026-04-24 15:37:00,7159.89,7160.26,7158.84,7159.66
2026-04-24 15:38:00,7159.73,7160.08,7158.49,7159.17
2026-04-24 15:39:00,7159.13,7160.40,7158.95,7160.40
2026-04-24 15:40:00,7160.20,7161.79,7159.98,7161.77
2026-04-24 15:41:00,7161.79,7163.11,7161.40,7161.89
2026-04-24 15:42:00,7161.97,7162.75,7161.60,7161.62
2026-04-24 15:43:00,7161.86,7162.29,7161.70,7161.71
2026-04-24 15:44:00,7161.67,7162.39,7161.52,7161.64
2026-04-24 15:45:00,7161.56,7161.56,7160.54,7160.68
2026-04-24 15:46:00,7160.76,7160.76,7159.37,7159.37
2026-04-24 15:47:00,7159.25,7160.48,7159.00,7160.43
2026-04-24 15:48:00,7160.55,7161.29,7159.79,7161.15
2026-04-24 15:49:00,7161.21,7161.88,7160.79,7161.88
2026-04-24 15:50:00,7161.94,7163.78,7161.23,7161.23
2026-04-24 15:51:00,7161.02,7161.02,7159.26,7159.56
2026-04-24 15:52:00,7159.64,7161.06,7159.21,7159.35
2026-04-24 15:53:00,7159.43,7162.96,7159.34,7162.96
2026-04-24 15:54:00,7162.94,7164.96,7162.71,7164.96
2026-04-24 15:55:00,7164.80,7166.03,7163.10,7164.20
2026-04-24 15:56:00,7164.06,7165.16,7164.06,7164.65
2026-04-24 15:57:00,7164.66,7167.16,7164.34,7167.00
2026-04-24 15:58:00,7167.06,7167.66,7166.33,7166.33
2026-04-24 15:59:00,7165.82,7166.73,7162.93,7164.29
2026-04-24 16:00:00,7163.69,7164.99,7163.69,7164.99
2026-04-24 16:01:00,7164.99,7165.08,7164.99,7165.07
2026-04-24 16:02:00,7165.07,7165.08,7165.07,7165.08
2026-04-24 16:03:00,7165.08,7165.08,7165.08,7165.08
2026-04-24 16:04:00,7165.08,7165.08,7165.08,7165.08
2026-04-24 16:05:00,7165.08,7165.08,7165.08,7165.08
2026-04-24 16:06:00,7165.08,7165.08,7165.08,7165.08
2026-04-24 16:07:00,7165.08,7165.08,7165.08,7165.08
2026-04-24 16:08:00,7165.08,7165.08,7165.08,7165.08
2026-04-24 16:09:00,7165.08,7165.08,7165.08,7165.08
2026-04-24 16:10:00,7165.08,7165.08,7165.08,7165.08
2026-04-24 16:11:00,7165.08,7165.08,7165.08,7165.08
2026-04-24 16:12:00,7165.08,7165.08,7165.08,7165.08
2026-04-24 16:13:00,7165.08,7165.08,7165.08,7165.08
2026-04-24 16:14:00,7165.08,7165.08,7165.08,7165.08
2026-04-24 16:15:00,7165.08,7165.08,7165.08,7165.08
2026-04-24 16:16:00,7165.08,7165.08,7165.08,7165.08
2026-04-24 16:17:00,7165.08,7165.08,7165.08,7165.08
2026-04-24 16:18:00,7165.08,7165.08,7165.08,7165.08
2026-04-24 16:19:00,7165.08,7165.08,7165.08,7165.08
2026-04-24 16:20:00,7165.08,7165.08,7165.08,7165.08
2026-04-24 16:36:00,7165.08,7165.08,7165.08,7165.08
2026-04-27 09:30:00,7152.72,7157.71,7151.84,7154.24
2026-04-27 09:31:00,7154.19,7163.20,7152.53,7163.20
2026-04-27 09:32:00,7163.18,7165.63,7161.82,7164.16
2026-04-27 09:33:00,7163.53,7163.63,7161.04,7163.46
2026-04-27 09:34:00,7163.16,7163.79,7160.24,7160.86
2026-04-27 09:35:00,7160.44,7165.58,7159.90,7163.47
2026-04-27 09:36:00,7163.23,7163.84,7159.78,7163.84
2026-04-27 09:37:00,7163.76,7165.32,7163.48,7164.21
2026-04-27 09:38:00,7163.92,7166.87,7163.65,7166.87
2026-04-27 09:39:00,7166.69,7166.96,7165.52,7166.75
2026-04-27 09:40:00,7166.93,7167.70,7164.37,7165.59
2026-04-27 09:41:00,7165.34,7167.13,7164.98,7166.76
2026-04-27 09:42:00,7166.84,7166.84,7160.51,7161.60
2026-04-27 09:43:00,7161.64,7162.06,7160.69,7161.45
2026-04-27 09:44:00,7162.02,7163.32,7160.05,7160.25
2026-04-27 09:45:00,7160.39,7161.00,7156.63,7157.56
2026-04-27 09:46:00,7157.53,7159.05,7155.96,7157.28
2026-04-27 09:47:00,7156.97,7157.19,7150.26,7152.90
2026-04-27 09:48:00,7152.97,7155.21,7152.67,7153.68
2026-04-27 09:49:00,7153.46,7154.46,7149.95,7150.73
2026-04-27 09:50:00,7150.85,7151.18,7148.55,7151.18
2026-04-27 09:51:00,7151.15,7151.69,7148.42,7151.68
2026-04-27 09:52:00,7151.42,7156.11,7149.92,7156.11
2026-04-27 09:53:00,7156.25,7159.75,7156.25,7159.75
2026-04-27 09:54:00,7159.41,7164.46,7158.55,7164.46
2026-04-27 09:55:00,7164.14,7165.80,7162.84,7163.53
2026-04-27 09:56:00,7163.61,7166.30,7162.62,7165.33
2026-04-27 09:57:00,7164.95,7166.71,7164.21,7165.00
2026-04-27 09:58:00,7164.84,7166.33,7164.48,7165.04
2026-04-27 09:59:00,7165.16,7166.64,7164.82,7164.93
2026-04-27 10:00:00,7163.87,7164.52,7161.34,7164.20
2026-04-27 10:01:00,7164.45,7165.81,7163.05,7164.36
2026-04-27 10:02:00,7163.92,7164.11,7160.87,7162.02
2026-04-27 10:03:00,7161.67,7164.07,7161.62,7163.94
2026-04-27 10:04:00,7163.82,7165.24,7162.34,7162.55
2026-04-27 10:05:00,7162.34,7163.09,7160.76,7161.64
2026-04-27 10:06:00,7161.63,7165.43,7161.63,7164.92
2026-04-27 10:07:00,7164.58,7164.74,7160.97,7162.29
2026-04-27 10:08:00,7162.39,7163.55,7161.51,7161.79
2026-04-27 10:09:00,7161.45,7162.16,7160.72,7160.72
2026-04-27 10:10:00,7160.80,7161.41,7157.90,7158.73
2026-04-27 10:11:00,7158.73,7161.95,7157.80,7161.95
2026-04-27 10:12:00,7161.82,7164.16,7161.82,7162.37
2026-04-27 10:13:00,7162.68,7162.68,7160.08,7161.36
2026-04-27 10:14:00,7161.34,7162.71,7160.67,7162.18
2026-04-27 10:15:00,7162.18,7162.51,7158.81,7159.09
2026-04-27 10:16:00,7159.35,7159.36,7157.49,7158.41
2026-04-27 10:17:00,7158.44,7159.15,7157.29,7157.82
2026-04-27 10:18:00,7157.63,7158.78,7157.54,7158.18
2026-04-27 10:19:00,7158.38,7159.41,7157.12,7157.65
2026-04-27 10:20:00,7157.41,7158.00,7156.76,7157.12
2026-04-27 10:21:00,7157.10,7159.73,7157.10,7157.59
2026-04-27 10:22:00,7157.52,7159.09,7156.51,7159.09
2026-04-27 10:23:00,7159.05,7159.56,7158.13,7158.80
2026-04-27 10:24:00,7158.90,7160.23,7157.36,7159.94
2026-04-27 10:25:00,7159.93,7161.47,7159.37,7159.60
2026-04-27 10:26:00,7159.92,7161.66,7157.94,7158.43
2026-04-27 10:27:00,7158.97,7159.76,7157.76,7159.41
2026-04-27 10:28:00,7159.38,7161.48,7158.70,7159.04
2026-04-27 10:29:00,7158.98,7159.39,7157.55,7157.55
2026-04-27 10:30:00,7157.36,7157.52,7154.23,7154.66
2026-04-27 10:31:00,7154.87,7156.37,7153.75,7155.64
2026-04-27 10:32:00,7155.76,7155.76,7153.74,7154.19
2026-04-27 10:33:00,7154.24,7157.23,7154.24,7156.11
2026-04-27 10:34:00,7155.92,7157.68,7154.68,7157.51
2026-04-27 10:35:00,7157.66,7159.12,7157.11,7157.56
2026-04-27 10:36:00,7163.98,7166.97,7163.78,7164.42
2026-04-27 10:37:00,7164.28,7164.33,7161.70,7162.34
2026-04-27 10:38:00,7162.22,7163.04,7161.25,7162.31
2026-04-27 10:39:00,7162.45,7163.23,7160.83,7163.23
2026-04-27 10:40:00,7163.44,7164.14,7160.97,7160.99
2026-04-27 10:41:00,7160.82,7161.69,7159.17,7159.68
2026-04-27 10:42:00,7159.53,7160.91,7159.37,7159.82
2026-04-27 10:43:00,7159.85,7161.98,7159.40,7161.85
2026-04-27 10:44:00,7161.93,7164.46,7161.93,7163.49
2026-04-27 10:45:00,7163.59,7163.95,7159.98,7160.71
2026-04-27 10:46:00,7160.57,7161.34,7158.99,7161.18
2026-04-27 10:47:00,7161.17,7162.20,7160.82,7161.34
2026-04-27 10:48:00,7161.46,7163.08,7161.16,7161.16
2026-04-27 10:49:00,7160.99,7161.51,7160.05,7161.07
2026-04-27 10:50:00,7160.89,7162.73,7160.58,7160.71
2026-04-27 10:51:00,7160.80,7162.64,7160.80,7161.07
2026-04-27 10:52:00,7161.01,7161.01,7156.81,7158.49
2026-04-27 10:53:00,7158.54,7159.97,7157.59,7157.72
2026-04-27 10:54:00,7157.67,7158.97,7157.12,7158.97
2026-04-27 10:55:00,7159.27,7159.76,7158.42,7158.42
2026-04-27 10:56:00,7158.61,7159.09,7157.02,7158.87
2026-04-27 10:57:00,7158.86,7160.71,7158.43,7159.96
2026-04-27 10:58:00,7160.02,7160.85,7159.84,7160.26
2026-04-27 10:59:00,7160.34,7160.53,7159.39,7159.97
2026-04-27 11:00:00,7160.14,7161.44,7160.14,7161.07
2026-04-27 11:01:00,7160.97,7160.97,7157.63,7157.63
2026-04-27 11:02:00,7157.71,7157.71,7155.56,7156.45
2026-04-27 11:03:00,7156.45,7156.77,7152.43,7153.18
2026-04-27 11:04:00,7153.34,7153.85,7152.30,7152.32
2026-04-27 11:05:00,7152.44,7154.20,7151.60,7153.26
2026-04-27 11:06:00,7153.35,7154.91,7153.18,7153.62
2026-04-27 11:07:00,7153.51,7153.80,7151.17,7153.13
2026-04-27 11:08:00,7153.35,7155.25,7153.35,7155.17
2026-04-27 11:09:00,7155.31,7155.61,7153.84,7153.86
2026-04-27 11:10:00,7153.97,7155.29,7153.84,7154.24
2026-04-27 11:11:00,7154.14,7154.14,7152.52,7153.94
2026-04-27 11:12:00,7154.01,7154.54,7152.28,7153.00
2026-04-27 11:13:00,7153.14,7154.11,7152.99,7153.28
2026-04-27 11:14:00,7153.33,7153.33,7151.79,7152.16
2026-04-27 11:15:00,7152.28,7154.14,7151.61,7153.96
2026-04-27 11:16:00,7153.94,7155.16,7153.42,7154.11
2026-04-27 11:17:00,7154.15,7155.55,7152.92,7153.19
2026-04-27 11:18:00,7153.13,7154.07,7150.74,7151.74
2026-04-27 11:19:00,7151.78,7152.56,7151.09,7151.49
2026-04-27 11:20:00,7151.51,7152.65,7151.49,7151.84
2026-04-27 11:21:00,7151.98,7152.28,7149.05,7149.05
2026-04-27 11:22:00,7149.08,7149.21,7146.72,7147.88
2026-04-27 11:23:00,7147.90,7148.98,7147.17,7148.98
2026-04-27 11:24:00,7149.05,7149.64,7148.12,7148.54
2026-04-27 11:25:00,7148.43,7149.19,7147.36,7149.07
2026-04-27 11:26:00,7149.08,7150.33,7148.31,7149.52
2026-04-27 11:27:00,7149.70,7151.98,7149.70,7151.67
2026-04-27 11:28:00,7151.68,7152.83,7151.48,7152.27
2026-04-27 11:29:00,7152.17,7153.26,7151.97,7152.96
2026-04-27 11:30:00,7153.02,7155.37,7153.02,7155.37
2026-04-27 11:31:00,7155.30,7155.30,7153.69,7153.69
2026-04-27 11:32:00,7153.70,7153.88,7151.28,7151.87
2026-04-27 11:33:00,7151.95,7152.93,7151.13,7151.58
2026-04-27 11:34:00,7152.08,7154.18,7152.08,7153.15
2026-04-27 11:35:00,7153.21,7153.61,7152.26,7152.53
2026-04-27 11:36:00,7152.63,7153.42,7152.29,7152.66
2026-04-27 11:37:00,7152.61,7153.47,7151.87,7152.68
2026-04-27 11:38:00,7152.64,7153.71,7152.12,7152.99
2026-04-27 11:39:00,7153.04,7154.31,7153.01,7153.94
2026-04-27 11:40:00,7153.83,7154.02,7152.87,7153.32
2026-04-27 11:41:00,7153.56,7155.57,7153.56,7155.06
2026-04-27 11:42:00,7155.03,7157.12,7154.72,7155.80
2026-04-27 11:43:00,7155.86,7156.25,7155.32,7155.85
2026-04-27 11:44:00,7156.00,7156.23,7155.31,7155.96
2026-04-27 11:45:00,7155.97,7156.84,7155.59,7155.64
2026-04-27 11:46:00,7155.49,7155.84,7154.59,7155.66
2026-04-27 11:47:00,7156.15,7157.29,7156.14,7157.01
2026-04-27 11:48:00,7157.05,7157.65,7155.76,7156.36
2026-04-27 11:49:00,7156.35,7156.65,7154.41,7154.44
2026-04-27 11:50:00,7154.39,7154.82,7153.85,7154.61
2026-04-27 11:51:00,7154.60,7156.06,7154.53,7156.03
2026-04-27 11:52:00,7156.01,7156.01,7154.34,7155.12
2026-04-27 11:53:00,7155.10,7155.97,7154.98,7155.67
2026-04-27 11:54:00,7155.51,7155.68,7153.86,7155.38
2026-04-27 11:55:00,7155.45,7155.81,7154.92,7155.44
2026-04-27 11:56:00,7155.48,7156.18,7155.04,7155.68
2026-04-27 11:57:00,7155.25,7155.91,7154.93,7155.91
2026-04-27 11:58:00,7155.94,7156.69,7155.32,7155.32
2026-04-27 11:59:00,7155.21,7157.96,7155.21,7157.14
2026-04-27 12:00:00,7157.78,7159.40,7157.75,7157.85
2026-04-27 12:01:00,7157.77,7157.77,7155.71,7156.41
2026-04-27 12:02:00,7156.25,7157.16,7155.39,7155.90
2026-04-27 12:03:00,7155.93,7157.05,7155.88,7156.41
2026-04-27 12:04:00,7156.50,7158.95,7156.49,7158.77
2026-04-27 12:05:00,7158.66,7159.20,7158.66,7158.83
2026-04-27 12:06:00,7158.94,7160.31,7158.94,7160.10
2026-04-27 12:07:00,7160.32,7160.47,7159.85,7160.16
2026-04-27 12:08:00,7160.21,7162.00,7160.19,7161.59
2026-04-27 12:09:00,7161.37,7161.43,7160.72,7160.90
2026-04-27 12:10:00,7160.97,7161.68,7160.44,7161.50
2026-04-27 12:11:00,7161.58,7163.17,7161.15,7163.07
2026-04-27 12:12:00,7163.03,7163.62,7162.11,7163.02
2026-04-27 12:13:00,7163.09,7163.25,7162.60,7162.67
2026-04-27 12:14:00,7162.70,7163.34,7161.61,7163.09
2026-04-27 12:15:00,7163.11,7164.55,7162.85,7164.46
2026-04-27 12:16:00,7164.45,7164.68,7163.57,7164.68
2026-04-27 12:17:00,7164.32,7164.32,7163.34,7164.18
2026-04-27 12:18:00,7164.17,7164.57,7163.16,7163.89
2026-04-27 12:19:00,7163.88,7164.21,7163.29,7163.96
2026-04-27 12:20:00,7163.92,7164.13,7162.34,7162.98
2026-04-27 12:21:00,7162.98,7163.34,7162.44,7162.68
2026-04-27 12:22:00,7162.57,7163.26,7162.48,7162.82
2026-04-27 12:23:00,7162.69,7162.69,7160.72,7162.08
2026-04-27 12:24:00,7162.13,7162.54,7161.40,7161.53
2026-04-27 12:25:00,7161.59,7163.13,7161.59,7162.94
2026-04-27 12:26:00,7163.14,7163.85,7162.46,7163.36
2026-04-27 12:27:00,7163.10,7163.31,7162.34,7162.76
2026-04-27 12:28:00,7162.77,7162.88,7162.12,7162.12
2026-04-27 12:29:00,7162.12,7162.42,7161.69,7162.42
2026-04-27 12:30:00,7162.50,7164.47,7162.50,7164.27
2026-04-27 12:31:00,7164.33,7164.73,7164.00,7164.23
2026-04-27 12:32:00,7164.23,7164.33,7163.82,7164.18
2026-04-27 12:33:00,7164.17,7165.42,7164.05,7164.60
2026-04-27 12:34:00,7164.61,7165.79,7164.61,7165.21
2026-04-27 12:35:00,7165.26,7166.53,7165.26,7166.24
2026-04-27 12:36:00,7166.34,7166.34,7164.85,7165.92
2026-04-27 12:37:00,7165.90,7166.84,7165.79,7166.10
2026-04-27 12:38:00,7166.04,7166.60,7165.59,7166.45
2026-04-27 12:39:00,7166.45,7167.51,7166.29,7166.94
2026-04-27 12:40:00,7167.04,7167.06,7165.90,7166.38
2026-04-27 12:41:00,7166.38,7167.10,7164.78,7165.13
2026-04-27 12:42:00,7165.35,7167.16,7165.32,7166.75
2026-04-27 12:43:00,7166.57,7166.81,7165.81,7166.34
2026-04-27 12:44:00,7166.41,7166.41,7165.14,7165.14
2026-04-27 12:45:00,7165.14,7165.82,7165.04,7165.14
2026-04-27 12:46:00,7165.24,7166.41,7165.18,7165.81
2026-04-27 12:47:00,7165.85,7165.99,7164.65,7165.51
2026-04-27 12:48:00,7165.70,7166.33,7165.28,7166.28
2026-04-27 12:49:00,7166.43,7167.02,7165.89,7166.38
2026-04-27 12:50:00,7166.17,7166.17,7165.00,7165.53
2026-04-27 12:51:00,7165.58,7165.65,7164.44,7165.32
2026-04-27 12:52:00,7165.41,7165.86,7164.04,7164.27
2026-04-27 12:53:00,7164.34,7165.39,7164.09,7165.39
2026-04-27 12:54:00,7165.32,7165.40,7164.05,7164.37
2026-04-27 12:55:00,7164.38,7164.55,7163.19,7163.98
2026-04-27 12:56:00,7164.00,7164.43,7162.97,7162.97
2026-04-27 12:57:00,7162.98,7163.06,7162.13,7162.36
2026-04-27 12:58:00,7162.47,7164.68,7162.47,7164.54
2026-04-27 12:59:00,7164.62,7165.42,7164.39,7165.33
2026-04-27 13:00:00,7165.39,7167.62,7165.39,7167.20
2026-04-27 13:01:00,7167.30,7167.42,7166.54,7166.80
2026-04-27 13:02:00,7166.78,7166.84,7166.16,7166.60
2026-04-27 13:03:00,7166.63,7166.74,7166.03,7166.70
2026-04-27 13:04:00,7166.75,7166.87,7165.95,7166.24
2026-04-27 13:05:00,7166.19,7166.48,7165.36,7166.10
2026-04-27 13:06:00,7166.06,7166.65,7165.71,7166.18
2026-04-27 13:07:00,7166.09,7166.26,7165.48,7165.80
2026-04-27 13:08:00,7165.62,7165.85,7164.84,7164.99
2026-04-27 13:09:00,7164.98,7165.97,7164.67,7165.97
2026-04-27 13:10:00,7165.99,7166.65,7164.52,7164.59
2026-04-27 13:11:00,7164.62,7166.52,7164.60,7165.36
2026-04-27 13:12:00,7165.25,7167.36,7165.04,7166.98
2026-04-27 13:13:00,7167.10,7167.33,7166.65,7166.92
2026-04-27 13:14:00,7166.94,7167.47,7166.62,7167.47
2026-04-27 13:15:00,7167.47,7167.93,7166.30,7166.30
2026-04-27 13:16:00,7166.26,7166.33,7164.47,7164.81
2026-04-27 13:17:00,7164.77,7165.62,7164.67,7165.05
2026-04-27 13:18:00,7164.95,7165.03,7162.68,7163.35
2026-04-27 13:19:00,7163.34,7165.03,7162.94,7165.03
2026-04-27 13:20:00,7165.12,7165.25,7164.13,7164.13
2026-04-27 13:21:00,7164.27,7164.75,7164.14,7164.58
2026-04-27 13:22:00,7164.67,7165.84,7164.42,7165.70
2026-04-27 13:23:00,7165.64,7170.03,7165.56,7168.16
2026-04-27 13:24:00,7168.18,7168.55,7167.28,7167.56
2026-04-27 13:25:00,7167.57,7169.43,7167.19,7169.26
2026-04-27 13:26:00,7169.28,7170.34,7169.26,7169.76
2026-04-27 13:27:00,7169.82,7169.99,7169.35,7169.48
2026-04-27 13:28:00,7169.46,7169.86,7169.35,7169.61
2026-04-27 13:29:00,7169.71,7169.88,7168.90,7169.81
2026-04-27 13:30:00,7169.67,7171.70,7169.39,7171.62
2026-04-27 13:31:00,7171.69,7172.74,7171.42,7172.73
2026-04-27 13:32:00,7172.73,7173.26,7171.50,7173.21
2026-04-27 13:33:00,7173.20,7175.01,7173.12,7175.01
2026-04-27 13:34:00,7175.03,7175.76,7174.69,7175.76
2026-04-27 13:35:00,7175.77,7175.84,7173.88,7173.89
2026-04-27 13:36:00,7173.96,7174.00,7172.82,7173.43
2026-04-27 13:37:00,7173.40,7173.75,7172.81,7172.87
2026-04-27 13:38:00,7172.96,7173.60,7172.18,7172.21
2026-04-27 13:39:00,7172.08,7172.09,7170.84,7170.93
2026-04-27 13:40:00,7171.02,7171.46,7170.52,7171.17
2026-04-27 13:41:00,7171.23,7171.63,7171.07,7171.63
2026-04-27 13:42:00,7171.61,7172.36,7171.20,7171.97
2026-04-27 13:43:00,7171.97,7172.10,7171.49,7171.49
2026-04-27 13:44:00,7171.48,7171.98,7171.26,7171.90
2026-04-27 13:45:00,7172.09,7172.34,7171.67,7172.14
2026-04-27 13:46:00,7172.16,7172.16,7171.24,7171.88
2026-04-27 13:47:00,7171.95,7172.84,7171.85,7172.84
2026-04-27 13:48:00,7172.79,7172.79,7171.26,7172.18
2026-04-27 13:49:00,7172.15,7173.17,7172.15,7172.86
2026-04-27 13:50:00,7172.77,7174.06,7172.77,7172.98
2026-04-27 13:51:00,7172.90,7172.96,7171.52,7172.33
2026-04-27 13:52:00,7172.28,7172.42,7171.82,7172.23
2026-04-27 13:53:00,7172.27,7172.27,7170.58,7170.80
2026-04-27 13:54:00,7170.62,7171.32,7170.12,7171.07
2026-04-27 13:55:00,7171.04,7171.65,7170.71,7170.80
2026-04-27 13:56:00,7170.77,7171.40,7170.77,7171.21
2026-04-27 13:57:00,7171.24,7172.66,7171.24,7172.46
2026-04-27 13:58:00,7172.46,7172.86,7172.14,7172.39
2026-04-27 13:59:00,7172.34,7172.87,7172.23,7172.61
2026-04-27 14:00:00,7172.49,7172.49,7171.13,7172.30
2026-04-27 14:01:00,7172.29,7172.37,7171.20,7171.47
2026-04-27 14:02:00,7171.42,7172.82,7171.20,7172.69
2026-04-27 14:03:00,7172.69,7173.34,7172.22,7173.34
2026-04-27 14:04:00,7173.40,7173.86,7172.65,7172.74
2026-04-27 14:05:00,7172.79,7173.04,7172.01,7173.02
2026-04-27 14:06:00,7173.12,7174.09,7172.79,7174.08
2026-04-27 14:07:00,7173.90,7174.01,7173.19,7173.50
2026-04-27 14:08:00,7173.56,7173.73,7172.84,7173.16
2026-04-27 14:09:00,7173.18,7173.76,7172.51,7173.33
2026-04-27 14:10:00,7173.33,7173.55,7172.82,7173.24
2026-04-27 14:11:00,7173.35,7173.65,7172.85,7172.93
2026-04-27 14:12:00,7172.99,7173.85,7172.99,7173.68
2026-04-27 14:13:00,7173.69,7173.76,7173.21,7173.53
2026-04-27 14:14:00,7173.46,7174.80,7173.40,7174.54
2026-04-27 14:15:00,7174.33,7175.14,7174.15,7174.15
2026-04-27 14:16:00,7174.21,7174.68,7173.82,7174.68
2026-04-27 14:17:00,7174.76,7175.40,7174.51,7175.40
2026-04-27 14:18:00,7175.42,7175.66,7174.20,7175.15
2026-04-27 14:19:00,7175.08,7176.12,7175.06,7175.61
2026-04-27 14:20:00,7175.63,7175.63,7174.83,7175.04
2026-04-27 14:21:00,7174.84,7175.33,7174.43,7175.16
2026-04-27 14:22:00,7175.18,7175.70,7175.00,7175.38
2026-04-27 14:23:00,7175.10,7175.55,7174.97,7175.45
2026-04-27 14:24:00,7175.49,7175.51,7174.31,7175.01
2026-04-27 14:25:00,7174.99,7174.99,7173.95,7174.05
2026-04-27 14:26:00,7174.00,7174.35,7173.92,7174.26
2026-04-27 14:27:00,7174.32,7175.46,7174.32,7175.15
2026-04-27 14:28:00,7175.12,7175.12,7173.50,7174.20
2026-04-27 14:29:00,7174.23,7174.75,7173.77,7174.62
2026-04-27 14:30:00,7174.62,7175.22,7174.13,7174.67
2026-04-27 14:31:00,7174.80,7174.81,7174.23,7174.23
2026-04-27 14:32:00,7174.29,7175.23,7174.11,7175.00
2026-04-27 14:33:00,7174.88,7175.87,7174.88,7175.68
2026-04-27 14:34:00,7175.75,7175.92,7174.67,7174.91
2026-04-27 14:35:00,7174.93,7175.24,7174.26,7174.83
2026-04-27 14:36:00,7174.92,7175.28,7174.35,7174.51
2026-04-27 14:37:00,7174.54,7175.21,7174.38,7175.20
2026-04-27 14:38:00,7175.10,7175.41,7174.72,7174.83
2026-04-27 14:39:00,7174.85,7175.66,7174.84,7175.24
2026-04-27 14:40:00,7175.21,7175.59,7174.85,7174.85
2026-04-27 14:41:00,7174.77,7174.98,7173.95,7174.00
2026-04-27 14:42:00,7173.98,7174.74,7173.98,7174.54
2026-04-27 14:43:00,7174.55,7174.68,7172.97,7173.08
2026-04-27 14:44:00,7173.19,7173.83,7172.39,7172.72
2026-04-27 14:45:00,7172.74,7172.78,7170.70,7171.59
2026-04-27 14:46:00,7171.57,7173.12,7171.57,7173.04
2026-04-27 14:47:00,7172.83,7173.67,7172.83,7173.24
2026-04-27 14:48:00,7173.34,7173.81,7173.03,7173.64
2026-04-27 14:49:00,7173.55,7173.93,7173.25,7173.83
2026-04-27 14:50:00,7173.75,7174.62,7173.64,7174.62
2026-04-27 14:51:00,7174.68,7175.01,7173.90,7173.93
2026-04-27 14:52:00,7174.06,7174.23,7173.51,7173.85
2026-04-27 14:53:00,7173.80,7173.80,7172.09,7172.50
2026-04-27 14:54:00,7172.47,7172.81,7172.13,7172.54
2026-04-27 14:55:00,7172.35,7173.29,7172.35,7172.97
2026-04-27 14:56:00,7172.95,7174.29,7172.95,7173.02
2026-04-27 14:57:00,7172.96,7173.02,7172.38,7172.75
2026-04-27 14:58:00,7172.60,7173.68,7172.60,7173.64
2026-04-27 14:59:00,7173.70,7173.97,7172.26,7172.26
2026-04-27 15:00:00,7172.10,7173.92,7171.94,7173.73
2026-04-27 15:01:00,7173.68,7174.52,7173.68,7174.10
2026-04-27 15:02:00,7174.15,7174.48,7172.03,7172.24
2026-04-27 15:03:00,7172.19,7172.69,7171.83,7172.56
2026-04-27 15:04:00,7172.52,7173.17,7172.34,7173.15
2026-04-27 15:05:00,7173.10,7173.43,7172.27,7172.27
2026-04-27 15:06:00,7172.31,7172.41,7170.61,7170.99
2026-04-27 15:07:00,7170.98,7171.74,7170.98,7171.64
2026-04-27 15:08:00,7171.68,7172.72,7171.67,7172.72
2026-04-27 15:09:00,7172.64,7172.64,7171.67,7171.92
2026-04-27 15:10:00,7171.90,7171.90,7170.82,7171.33
2026-04-27 15:11:00,7171.33,7171.94,7170.80,7171.03
2026-04-27 15:12:00,7171.12,7171.70,7171.10,7171.42
2026-04-27 15:13:00,7171.42,7173.16,7171.41,7173.16
2026-04-27 15:14:00,7173.40,7173.86,7172.65,7173.31
2026-04-27 15:15:00,7173.30,7174.35,7173.17,7174.14
2026-04-27 15:16:00,7174.24,7174.40,7173.35,7173.93
2026-04-27 15:17:00,7174.00,7174.93,7173.94,7174.56
2026-04-27 15:18:00,7174.59,7175.39,7174.43,7175.21
2026-04-27 15:19:00,7175.21,7175.72,7174.53,7175.48
2026-04-27 15:20:00,7175.13,7175.63,7174.58,7174.85
2026-04-27 15:21:00,7174.83,7175.34,7173.74,7173.74
2026-04-27 15:22:00,7173.73,7175.28,7173.73,7175.12
2026-04-27 15:23:00,7175.08,7175.34,7174.78,7175.08
2026-04-27 15:24:00,7175.20,7175.66,7174.75,7174.87
2026-04-27 15:25:00,7174.85,7175.07,7174.47,7174.64
2026-04-27 15:26:00,7174.66,7174.96,7174.17,7174.38
2026-04-27 15:27:00,7174.38,7174.72,7174.17,7174.58
2026-04-27 15:28:00,7174.54,7175.78,7174.54,7175.77
2026-04-27 15:29:00,7175.71,7175.71,7174.13,7174.79
2026-04-27 15:30:00,7174.86,7174.86,7174.01,7174.51
2026-04-27 15:31:00,7174.45,7176.11,7174.45,7175.99
2026-04-27 15:32:00,7176.06,7176.28,7175.55,7175.88
2026-04-27 15:33:00,7175.98,7176.24,7175.64,7176.05
2026-04-27 15:34:00,7176.07,7176.07,7174.21,7174.44
2026-04-27 15:35:00,7174.64,7176.08,7174.53,7175.50
2026-04-27 15:36:00,7175.60,7175.71,7173.70,7173.70
2026-04-27 15:37:00,7173.62,7173.74,7172.28,7172.73
2026-04-27 15:38:00,7172.59,7173.85,7172.55,7173.60
2026-04-27 15:39:00,7173.62,7174.82,7173.49,7174.82
2026-04-27 15:40:00,7174.83,7175.69,7174.83,7175.22
2026-04-27 15:41:00,7175.29,7175.41,7173.80,7174.38
2026-04-27 15:42:00,7174.33,7174.82,7173.91,7174.32
2026-04-27 15:43:00,7174.14,7174.23,7173.63,7174.14
2026-04-27 15:44:00,7174.00,7175.30,7173.97,7175.08
2026-04-27 15:45:00,7175.08,7177.30,7174.89,7176.41
2026-04-27 15:46:00,7176.32,7176.72,7175.79,7176.53
2026-04-27 15:47:00,7176.42,7177.15,7176.20,7176.80
2026-04-27 15:48:00,7176.91,7177.53,7176.61,7177.44
2026-04-27 15:49:00,7177.70,7178.52,7177.27,7178.49
2026-04-27 15:50:00,7178.54,7178.74,7176.48,7177.22
2026-04-27 15:51:00,7177.08,7178.33,7176.62,7178.11
2026-04-27 15:52:00,7178.10,7178.56,7176.69,7176.77
2026-04-27 15:53:00,7176.86,7177.05,7176.12,7176.55
2026-04-27 15:54:00,7176.53,7176.53,7174.93,7174.93
2026-04-27 15:55:00,7175.04,7176.38,7174.34,7175.77
2026-04-27 15:56:00,7175.73,7176.06,7175.09,7175.40
2026-04-27 15:57:00,7175.41,7176.13,7174.82,7175.78
2026-04-27 15:58:00,7175.76,7176.38,7175.28,7175.45
2026-04-27 15:59:00,7175.52,7175.52,7173.32,7174.01
2026-04-27 16:00:00,7174.58,7174.58,7173.96,7173.96
2026-04-27 16:01:00,7173.96,7173.98,7173.95,7173.95
2026-04-27 16:02:00,7173.95,7173.95,7173.93,7173.93
2026-04-27 16:03:00,7173.93,7173.93,7173.93,7173.93
2026-04-27 16:04:00,7173.93,7173.93,7173.91,7173.91
2026-04-27 16:05:00,7173.91,7173.91,7173.91,7173.91
2026-04-27 16:06:00,7173.91,7173.91,7173.91,7173.91
2026-04-27 16:07:00,7173.91,7173.91,7173.91,7173.91
2026-04-27 16:08:00,7173.91,7173.91,7173.91,7173.91
2026-04-27 16:09:00,7173.91,7173.91,7173.91,7173.91
2026-04-27 16:10:00,7173.91,7173.91,7173.91,7173.91
2026-04-27 16:11:00,7173.91,7173.91,7173.91,7173.91
2026-04-27 16:12:00,7173.91,7173.91,7173.91,7173.91
2026-04-27 16:13:00,7173.91,7173.91,7173.91,7173.91
2026-04-27 16:14:00,7173.91,7173.91,7173.91,7173.91
2026-04-27 16:15:00,7173.91,7173.91,7173.91,7173.91
2026-04-27 16:16:00,7173.91,7173.91,7173.91,7173.91
2026-04-27 16:17:00,7173.91,7173.91,7173.91,7173.91
2026-04-27 16:18:00,7173.91,7173.91,7173.91,7173.91
2026-04-27 16:19:00,7173.91,7173.91,7173.91,7173.91
2026-04-27 16:20:00,7173.91,7173.91,7173.91,7173.91
2026-04-27 16:34:00,7173.91,7173.91,7173.91,7173.91
